DROP TABLE PRESCRIPTION;
DROP TABLE STUDENT_LEAVE_LIST;
DROP TABLE SCHOOL_CAR;
DROP TABLE AFTER_SCHOOL_CLASS;
DROP TABLE ARRIVE_LEAVE_TIME;
DROP TABLE PAYMENT_FORM_LIST;
DROP TABLE PAYMENT_FORM;
DROP TABLE PAYMENT_PROJECT;
DROP TABLE CLASS_PICTURES;
DROP TABLE CLASS_MESSAGEBOARD;
DROP TABLE CLASS_ANNOUNCEMENT;
DROP TABLE COURSE_LIST; 
DROP TABLE COURSE;
DROP TABLE TEACHER_SCHEDULE;
DROP TABLE ON_DUTY;
DROP TABLE RESERVATION_FORM;
DROP TABLE TEACHER_RECORD;
DROP TABLE COMMUNICATION_BOOK;
DROP TABLE TEACHER_LEAVE;
DROP TABLE SUBSTITUTE;
DROP TABLE STUDENT;
DROP TABLE CLASS;
DROP TABLE TEACHER;
DROP TABLE GUARDIAN;
DROP TABLE ANNOUNCEMENT;
DROP TABLE MENU;
DROP TABLE SCHEDULED;

--SCHEDULED排程
CREATE TABLE SCHEDULED(
SDU_NUM   NUMBER(7) NOT NULL,
PML_NUM   VARCHAR2(30) NOT NULL,
PML_ITEM  VARCHAR2(30) NOT NULL,
PML_TIME  VARCHAR2(30)NOT NULL,
CONSTRAINT SCHEDULED_PRIMARY_KEY PRIMARY KEY (SDU_NUM)
);
--排程SEQ
DROP SEQUENCE SDU_NUM_seq;
CREATE SEQUENCE SDU_NUM_seq
INCREMENT BY 1
START WITH 1001
NOMAXVALUE
NOCYCLE
NOCACHE;

--TEACHER 教職員
CREATE TABLE TEACHER (
 T_NUM              VARCHAR2(7) NOT NULL,
 T_NAME             VARCHAR2(15) NOT NULL,
 T_GENDER           VARCHAR2(6) NOT NULL,
 T_ID               VARCHAR2(10) NOT NULL,
 T_EMAIL            VARCHAR2(20) NOT NULL,
 T_R_ADDRESS        VARCHAR2(60) NOT NULL,
 T_ADDRESS          VARCHAR2(60) NOT NULL,
 T_JOB              VARCHAR2(15) NOT NULL,
 T_PASSWORD         VARCHAR2(15) NOT NULL,
 T_BIRTHDAY         DATE        NOT NULL,
 T_PHOTO            BLOB,
 T_STATUS           NUMBER(1) NOT NULL,
 CONSTRAINT TEACHER_PRIMARY_KEY PRIMARY KEY (T_NUM));
 
--GUARDIAN 監護人
CREATE TABLE GUARDIAN (
 GD_ID               VARCHAR2(10) NOT NULL,
 GD_NAME             VARCHAR2(15) NOT NULL,
 GD_GENDER           VARCHAR2(6) NOT NULL,
 GD_EMAIL            VARCHAR2(20) NOT NULL,
 GD_ADDRESS          VARCHAR2(60) NOT NULL,
 GD_REL              VARCHAR2(15) NOT NULL,
 GD_PHONE            VARCHAR2(10) NOT NULL,
 GD_BIRTHDAY         DATE        NOT NULL,
 CONSTRAINT GUARDIAN_PRIMARY_KEY PRIMARY KEY (GD_ID));

--CLASS  班級
CREATE TABLE CLASS (
 CS_NUM              VARCHAR2(7) NOT NULL,
 T_NUM_1             VARCHAR2(7) NOT NULL,
 T_NUM_2             VARCHAR2(7) NOT NULL,
 CS_NAME             VARCHAR2(15) NOT NULL,
 CS_YEARS            NUMBER(3) NOT NULL,
 CONSTRAINT CLASS_T_NUM_1_FK FOREIGN KEY (T_NUM_1) REFERENCES TEACHER (T_NUM),
 CONSTRAINT CLASS_T_NUM_2_FK FOREIGN KEY (T_NUM_2) REFERENCES TEACHER (T_NUM),
 CONSTRAINT CLASS_PRIMARY_KEY PRIMARY KEY (CS_NUM));


--STUDENT  學生
CREATE TABLE STUDENT (
 ST_NUM              VARCHAR2(7) NOT NULL,
 CS_NUM              VARCHAR2(7) NOT NULL,
 GD_ID               VARCHAR2(10) NOT NULL,
 ST_NAME             VARCHAR2(15) NOT NULL,
 ST_GENDER           VARCHAR2(6) NOT NULL,
 ST_ID               VARCHAR2(10) NOT NULL,
 ST_R_ADDRESS        VARCHAR2(60) NOT NULL,
 ST_ADDRESS          VARCHAR2(60) NOT NULL,
 ST_PASSWORD         VARCHAR2(15) NOT NULL,
 ST_BIRTHDAY         DATE        NOT NULL,
 ST_PHOTO            BLOB,
 ST_STATUS           NUMBER(1) NOT NULL,
 CONSTRAINT STUDENT_CS_NUM_FK FOREIGN KEY (CS_NUM) REFERENCES CLASS (CS_NUM),
 CONSTRAINT STUDENT_GD_ID_FK FOREIGN KEY (GD_ID) REFERENCES GUARDIAN (GD_ID),
 CONSTRAINT STUDENT_PRIMARY_KEY PRIMARY KEY (ST_NUM));


--SUBSTITUTE  代課老師
CREATE TABLE SUBSTITUTE (
 SUB_NUM             NUMBER(7) NOT NULL,
 CS_NUM              VARCHAR2(7) NOT NULL,
 T_NUM               VARCHAR2(7) NOT NULL,
 SUB_SDATE            DATE NOT NULL,
 SUB_EDATE            DATE NOT NULL,
 CONSTRAINT SUBSTITUTE_CS_NUM_FK FOREIGN KEY (CS_NUM) REFERENCES CLASS (CS_NUM),
 CONSTRAINT SUBSTITUTE_T_NUM_FK FOREIGN KEY (T_NUM) REFERENCES TEACHER (T_NUM),
 CONSTRAINT SUBSTITUTE_PK PRIMARY KEY (SUB_NUM));


--TEACHER_LEAVE  教職員假單
CREATE TABLE TEACHER_LEAVE (
 TL_ID              NUMBER(7) NOT NULL,
 T_NUM              VARCHAR2(7) NOT NULL,
 TL_REASON          VARCHAR2(300) NOT NULL,
 TL_TYPE            NUMBER(1) NOT NULL,
 TL_STATUS          NUMBER(1) NOT NULL,
 TL_SDATE           DATE        NOT NULL,
 TL_EDATE           DATE        NOT NULL,
 TL_APP_DATE        DATE        NOT NULL,
 CONSTRAINT TEACHER_LEAVE_T_NUM_FK FOREIGN KEY (T_NUM) REFERENCES TEACHER (T_NUM),
 CONSTRAINT TEACHER_LEAVE_PRIMARY_KEY PRIMARY KEY (TL_ID));


--COMMUNICATION_BOOK  聯絡簿
CREATE TABLE COMMUNICATION_BOOK (
 COMM_ID        NUMBER(7) NOT NULL,
 ST_NUM         VARCHAR2(7) NOT NULL,
 T_NUM          VARCHAR2(7) NOT NULL,
 COMM_T_MSG     VARCHAR2(300) NOT NULL,
 COMM_P_MSG     VARCHAR2(300),
 COMM_RES       VARCHAR2(300),
 COMM_DATE      DATE        NOT NULL,
 CONSTRAINT COMMUNICATION_BOOK_ST_NUM_FK FOREIGN KEY (ST_NUM) REFERENCES STUDENT (ST_NUM),
 CONSTRAINT COMMUNICATION_BOOK_T_NUM_FK FOREIGN KEY (T_NUM) REFERENCES TEACHER (T_NUM),
 CONSTRAINT COMMUNICATION_BOOK_PRIMARY_KEY PRIMARY KEY (COMM_ID));


--TEACHER_RECORD 教職員上下班紀錄
CREATE TABLE TEACHER_RECORD(
 R_NUM             NUMBER(7) NOT NULL,
 T_NUM             VARCHAR2(7) NOT NULL,
 ON_TIME           TIMESTAMP NOT NULL,
 OFF_TIME          TIMESTAMP,
 CONSTRAINT TEACHER_RECORD_T_NUM_FK FOREIGN KEY (T_NUM) REFERENCES TEACHER (T_NUM),
 CONSTRAINT TEACHER_RECORD_PRIMARY_KEY PRIMARY KEY (R_NUM));


--RESERVATION_FORM  預約單 
CREATE TABLE RESERVATION_FORM (
 RES_NUM             NUMBER(7) NOT NULL,
 T_NUM               VARCHAR2(7) NOT NULL,
 RES_NAME            VARCHAR2(15) NOT NULL,
 RES_EMAIL           VARCHAR2(30) NOT NULL,
 RES_PHONE           VARCHAR2(10) NOT NULL,
 RES_DATE            TIMESTAMP NOT NULL,
 RES_MSG             CLOB,
 CONSTRAINT RESERVATION_FORM_T_NUM_FK FOREIGN KEY (T_NUM) REFERENCES TEACHER (T_NUM),
 CONSTRAINT RESERVATION_FORM_PRIMARY_KEY PRIMARY KEY (RES_NUM));


--ON_DUTY  值班
CREATE TABLE ON_DUTY (
 ON_DUTY_NUM         NUMBER(7) NOT NULL,
 ON_DUTY_CS          VARCHAR2(6) NOT NULL,
 ON_DUTY_TIME        VARCHAR2(12) NOT NULL,
 CONSTRAINT ON_DUTY_PRIMARY_KEY PRIMARY KEY (ON_DUTY_NUM));


--TEACHER_SCHEDULE  班表
CREATE TABLE TEACHER_SCHEDULE (
 TS_NUM              NUMBER(7) NOT NULL,
 T_NUM               VARCHAR2(7) NOT NULL,
 ON_DUTY_NUM         NUMBER(7) NOT NULL,
 TS_DATE             DATE NOT NULL,
 CONSTRAINT TS_T_NUM_FK FOREIGN KEY (T_NUM) REFERENCES TEACHER (T_NUM),
 CONSTRAINT TS_ON_DUTY_NUM_FK FOREIGN KEY (ON_DUTY_NUM) REFERENCES ON_DUTY (ON_DUTY_NUM),
 CONSTRAINT TS_PRIMARY_KEY PRIMARY KEY (TS_NUM));


--COURSES  課程
CREATE TABLE COURSE (
 COU_NUM             NUMBER(7) NOT NULL,
 T_NUM               VARCHAR2(7) NOT NULL,
 COU_NAME            VARCHAR2(30) NOT NULL,
 COU_INTROD          VARCHAR2(300),
 COU_COST            NUMBER(7) NOT NULL,
 COU_MIN             NUMBER(2) NOT NULL,
 COU_MAX             NUMBER(2) NOT NULL,
 COU_STATUS          NUMBER(1) NOT NULL,
 COU_SDATE           DATE NOT NULL,
 COU_EDATE           DATE NOT NULL,
 COU_PIC             BLOB,
 CONSTRAINT COURSE_T_NUM_FK FOREIGN KEY (T_NUM) REFERENCES TEACHER (T_NUM),
 CONSTRAINT COURSE_PRIMARY_KEY PRIMARY KEY (COU_NUM));


--COURES_LIST  選課明細
CREATE TABLE COURSE_LIST (
 COU_NUM             NUMBER(7) NOT NULL,
 ST_NUM              VARCHAR2(7) NOT NULL,
 PAY_STATUS          NUMBER(1) NOT NULL,
 COU_LIST_DATE       DATE NOT NULL,
 CONSTRAINT COURSE_LIST_COU_NUM_FK FOREIGN KEY (COU_NUM) REFERENCES COURSE (COU_NUM),
 CONSTRAINT COURSE_LIST_ST_NUM_FK FOREIGN KEY (ST_NUM) REFERENCES STUDENT (ST_NUM),
 CONSTRAINT COURSE_LIST_PRIMARY_KEY PRIMARY KEY (COU_NUM, ST_NUM));


--CLASS_PICTURES  班級相簿
CREATE TABLE CLASS_PICTURES (
 CS_PIC_NUM          NUMBER(7) NOT NULL,
 CS_NUM              VARCHAR2(7) NOT NULL,
 PIC_CS              VARCHAR2(30) NOT NULL,
 PIC                 BLOB,
 UL_DATE             TIMESTAMP NOT NULL,
 CONSTRAINT CLASS_PICTURES_CS_NUM_FK FOREIGN KEY (CS_NUM) REFERENCES CLASS (CS_NUM),
 CONSTRAINT CLASS_PICTURES_PRIMARY_KEY PRIMARY KEY (CS_PIC_NUM));
 
 
 --暫時把 GD_ID , T_NUM 的 NOT NULL 拿掉

--CLASS_MESSAGEBOARD  班級留言版
CREATE TABLE CLASS_MESSAGEBOARD (
 MSG_NUM            NUMBER(7) NOT NULL,
 CS_NUM             VARCHAR2(7) NOT NULL,
 GD_ID              VARCHAR2(10),
 T_NUM              VARCHAR2(7),
 MSG                  VARCHAR2(300),
 CONSTRAINT CLASS_MESSAGEBOARD_CS_NUM_FK FOREIGN KEY (CS_NUM) REFERENCES CLASS (CS_NUM),
 CONSTRAINT CLASS_MESSAGEBOARD_GD_ID_FK FOREIGN KEY (GD_ID) REFERENCES GUARDIAN (GD_ID),
-- CONSTRAINT CLASS_MESSAGEBOARD_T_NUM_FK FOREIGN KEY (T_NUM) REFERENCES TEACHER (T_NUM),
 CONSTRAINT CLASS_MESSAGEBOARD_PRIMARY_KEY PRIMARY KEY (MSG_NUM));
 
 
 
 --CLASS_ANNOUNCEMENT  班級公告
CREATE TABLE CLASS_ANNOUNCEMENT (
 CS_ANN_NUM         NUMBER(7) NOT NULL,
 CS_NUM             VARCHAR2(7) NOT NULL,
 CS_ANN_KIND        VARCHAR2(30) NOT NULL,
 CS_ANN_TI          VARCHAR2(60) NOT NULL,
 CS_ANN_TEXT        CLOB NOT NULL,
 CS_ANN_DATE        DATE NOT NULL,
 CONSTRAINT CLASS_ANNOUNCEMENT_CS_NUM_FK FOREIGN KEY (CS_NUM) REFERENCES CLASS (CS_NUM),
 CONSTRAINT CLASS_ANNOUNCEMENT_PRIMARY_KEY PRIMARY KEY (CS_ANN_NUM));
 
 
--PAYMENT_FORM 繳費單
 CREATE TABLE PAYMENT_FORM (
 PF_NUM             NUMBER(7) NOT NULL,
 ST_NUM             VARCHAR2(7) NOT NULL,
 PML_TRAIL          NUMBER(7) NOT NULL,
 PF_STATUS          NUMBER(1) NOT NULL,
 MONTH              DATE NOT NULL,
 PF_TIME            TIMESTAMP,
 CONSTRAINT PAYMENT_FORM_ST_NUM_FK FOREIGN KEY (ST_NUM) REFERENCES STUDENT (ST_NUM),
 CONSTRAINT PAYMENT_FORM_PRIMARY_KEY PRIMARY KEY (PF_NUM));
 
 
--PAYMENT_PROJECT 繳費項目
CREATE TABLE PAYMENT_PROJECT (
 PML_NUM            NUMBER(7) NOT NULL,
 PML_ITEM           VARCHAR2(30) NOT NULL,
 PML_MONEY          NUMBER(7) NOT NULL,
 PF_STATUS          NUMBER(1) NOT NULL,
 CONSTRAINT PAYMENT_PROJECT_PRIMARY_KEY PRIMARY KEY (PML_NUM));
 
 
--PAYMENT_FORM_LIST  繳費單明細
 CREATE TABLE PAYMENT_FORM_LIST (
 DETAL_NUM          NUMBER(7) NOT NULL,
 PF_NUM             NUMBER(7) NOT NULL,
 PML_NUM            NUMBER(7) NOT NULL,
 CONSTRAINT PAYMENT_FORM_LIST_PF_NUM_FK FOREIGN KEY (PF_NUM) REFERENCES PAYMENT_FORM (PF_NUM),
 CONSTRAINT PAYMENT_FORM_LIST_PML_NUM_FK FOREIGN KEY (PML_NUM) REFERENCES PAYMENT_PROJECT (PML_NUM),
 CONSTRAINT PAYMENT_FORM_LIST_PRIMARY_KEY PRIMARY KEY (DETAL_NUM));
 
 
 --AFTER_SCHOOL_CLASS  課後托育
 CREATE TABLE AFTER_SCHOOL_CLASS (
 NURSERY_NO         NUMBER(7) NOT NULL,
 ST_NUM             VARCHAR2(7) NOT NULL,
 ST_SUM             NUMBER(7) NOT NULL,
 LEVELTIME          TIMESTAMP,
 CONSTRAINT AFTER_SCHOOL_CLASS_ST_NUM_FK FOREIGN KEY (ST_NUM) REFERENCES STUDENT (ST_NUM),
 CONSTRAINT AFTER_SCHOOL_CLASS_PRIMARY_KEY PRIMARY KEY (NURSERY_NO));
 
 
--SCHOOL_CAR  幼童車   MONTH VARHHAR2
 CREATE TABLE SCHOOL_CAR (
 CAR_NUM            NUMBER(7) NOT NULL,
 ST_NUM             VARCHAR2(7) NOT NULL,
 CAR_MONTH          VARCHAR2(7) NOT NULL,
 CONSTRAINT SCHOOL_CAR_ST_NUM_FK FOREIGN KEY (ST_NUM) REFERENCES STUDENT (ST_NUM),
 CONSTRAINT SCHOOL_CAR_PRIMARY_KEY PRIMARY KEY (CAR_NUM));
 
 
 --ARRIVE_LEAVE_TIME 學生到校離校時間
 CREATE TABLE ARRIVE_LEAVE_TIME (
 ALT_NO             NUMBER(7) NOT NULL,
 ST_NUM             VARCHAR2(7) NOT NULL,
 ALT_ARR            TIMESTAMP NOT NULL,
 ALT_LEA            TIMESTAMP,
 ALT_LEAT           TIMESTAMP NOT NULL,
 CONSTRAINT ARRIVE_LEAVE_TIME_ST_NUM_FK FOREIGN KEY (ST_NUM) REFERENCES STUDENT (ST_NUM),
 CONSTRAINT ARRIVE_LEAVE_TIME_PRIMARY_KEY PRIMARY KEY (ALT_NO));
 
 
 --STUDENT_LEAVE_LIST 學生假單
 CREATE TABLE STUDENT_LEAVE_LIST (
 ST_LIST_NUM        NUMBER(7) NOT NULL,
 ST_NUM             VARCHAR2(7) NOT NULL,
 START_DATE         TIMESTAMP NOT NULL,
 END_DATE           TIMESTAMP NOT NULL,
 ST_LIST_SORT       NUMBER(1) NOT NULL,
 ST_LIST_NOTE       VARCHAR2(300),
 CONSTRAINT STUDENT_LEAVE_LIST_ST_NUM_FK FOREIGN KEY (ST_NUM) REFERENCES STUDENT (ST_NUM),
 CONSTRAINT STUDENT_LEAVE_LIST_PRIMARY_KEY PRIMARY KEY (ST_LIST_NUM));
 
 
 --PRESCRIPTION  託藥單
 CREATE TABLE PRESCRIPTION (
 PRE_ID             NUMBER(7) NOT NULL,
 ST_NUM             VARCHAR2(7) NOT NULL,
 PRE_CONTENT        VARCHAR2(300) NOT NULL,
 PRE_TIME           TIMESTAMP NOT NULL,
 CONSTRAINT PRESCRIPTION_ST_NUM_FK FOREIGN KEY (ST_NUM) REFERENCES STUDENT (ST_NUM),
 CONSTRAINT PRESCRIPTION_PRIMARY_KEY PRIMARY KEY (PRE_ID));
 
 
 --ANNOUNCEMENT   園所公告
 CREATE TABLE ANNOUNCEMENT (
 ANNO_NO            NUMBER(7) NOT NULL,
 ANNO_CLA           VARCHAR2(30) NOT NULL,
 ANNO_TITLE         VARCHAR2(60) NOT NULL,
 ANNO_TEXT          CLOB NOT NULL,
 ANNO_DATE          DATE NOT NULL,
 CONSTRAINT ANNOUNCEMENT_PRIMARY_KEY PRIMARY KEY (ANNO_NO));
 
 
--MENU  餐點
 CREATE TABLE MENU (
 MU_NUM            NUMBER(7) NOT NULL,
 MU_NAME           VARCHAR2(30),
 MU_TIME           VARCHAR2(15),
 MU_DATE           DATE NOT NULL,

 CONSTRAINT MENU_PRIMARY_KEY PRIMARY KEY (MU_NUM));
 

COMMIT;


--=====================================假資料==================================

--教職員資料
--=====================================教職員  
DROP  SEQUENCE SEQ_TEACHER;
CREATE SEQUENCE SEQ_TEACHER
INCREMENT BY 1
START WITH 2
NOMAXVALUE
NOCYCLE
NOCACHE;

INSERT INTO TEACHER (T_NUM, T_NAME, T_GENDER, T_ID, T_EMAIL, T_R_ADDRESS, 
T_ADDRESS, T_JOB, T_PASSWORD, T_BIRTHDAY, T_STATUS) 
VALUES ('T001', '園長老大', '男性', 'A110723726', 'teacher01@gmail.com', 
'桃園市中壢區中大路300號', '桃園市中壢區中大路300號', '園長', '000001', 
TO_DATE('1962-02-06','YYYY-MM-DD'), 1);
 
INSERT INTO TEACHER (T_NUM, T_NAME, T_GENDER, T_ID, T_EMAIL, T_R_ADDRESS, 
T_ADDRESS, T_JOB, T_PASSWORD, T_BIRTHDAY, T_STATUS) 
VALUES ('T'||LPAD(to_char(SEQ_TEACHER.NEXTVAL), 3, '0'), '吉永老師', '女性', 'A263738173', 'da102g4@gmail.com', 
'桃園市中壢區中大路300號', '桃園市中壢區中大路300號', '班導師', '000002', 
TO_DATE('1985-06-28','YYYY-MM-DD'), 1);

INSERT INTO TEACHER (T_NUM, T_NAME, T_GENDER, T_ID, T_EMAIL, T_R_ADDRESS, 
T_ADDRESS, T_JOB, T_PASSWORD, T_BIRTHDAY, T_STATUS) 
VALUES ('T'||LPAD(to_char(SEQ_TEACHER.NEXTVAL), 3, '0'), '松坂老師', '女性', 'B287219032', 'da102g4@gmail.com', 
'桃園市中壢區中大路300號', '桃園市中壢區中大路300號', '班導師', '000003', 
TO_DATE('1985-11-17','YYYY-MM-DD'), 1);

INSERT INTO TEACHER (T_NUM, T_NAME, T_GENDER, T_ID, T_EMAIL, T_R_ADDRESS, 
T_ADDRESS, T_JOB, T_PASSWORD, T_BIRTHDAY, T_STATUS) 
VALUES ('T'||LPAD(to_char(SEQ_TEACHER.NEXTVAL), 3, '0'), '上尾老師', '女性', 'D284154198', 'da102g4@gmail.com', 
'桃園市中壢區中大路300號', '桃園市中壢區中大路300號', '班導師', '000004', 
TO_DATE('1985-10-08','YYYY-MM-DD'), 1);

INSERT INTO TEACHER (T_NUM, T_NAME, T_GENDER, T_ID, T_EMAIL, T_R_ADDRESS, 
T_ADDRESS, T_JOB, T_PASSWORD, T_BIRTHDAY, T_STATUS) 
VALUES ('T'||LPAD(to_char(SEQ_TEACHER.NEXTVAL), 3, '0'), '何老師', '女性', 'E205136146', 'da102g4@gmail.com', 
'桃園市中壢區中大路300號', '桃園市中壢區中大路300號', '班導師', '000005', 
TO_DATE('1987-08-01','YYYY-MM-DD'), 1);

INSERT INTO TEACHER (T_NUM, T_NAME, T_GENDER, T_ID, T_EMAIL, T_R_ADDRESS, 
T_ADDRESS, T_JOB, T_PASSWORD, T_BIRTHDAY, T_STATUS) 
VALUES ('T'||LPAD(to_char(SEQ_TEACHER.NEXTVAL), 3, '0'), '大衛海鮮', '男性', 'A139685625', 'da102g4@gmail.com', 
'桃園市中壢區中大路300號', '桃園市中壢區中大路300號', '班導師', '000006', 
TO_DATE('1990-06-09','YYYY-MM-DD'), 1);

INSERT INTO TEACHER (T_NUM, T_NAME, T_GENDER, T_ID, T_EMAIL, T_R_ADDRESS, 
T_ADDRESS, T_JOB, T_PASSWORD, T_BIRTHDAY, T_STATUS) 
VALUES ('T'||LPAD(to_char(SEQ_TEACHER.NEXTVAL), 3, '0'), '蟹老闆', '男性', 'T166532999', 'teacher07@gmail.com', 
'桃園市中壢區中大路300號', '桃園市中壢區中大路300號', '班導師', '000007', 
TO_DATE('1942-11-30','YYYY-MM-DD'), 1);

INSERT INTO TEACHER (T_NUM, T_NAME, T_GENDER, T_ID, T_EMAIL, T_R_ADDRESS, 
T_ADDRESS, T_JOB, T_PASSWORD, T_BIRTHDAY, T_STATUS) 
VALUES ('T'||LPAD(to_char(SEQ_TEACHER.NEXTVAL), 3, '0'), '大吳神', '男性', 'H105465956', 'teacher08@gmail.com', 
'桃園市中壢區中大路300號', '桃園市中壢區中大路300號', '老師', '000008', 
TO_DATE('1980-08-08','YYYY-MM-DD'), 1);

INSERT INTO TEACHER (T_NUM, T_NAME, T_GENDER, T_ID, T_EMAIL, T_R_ADDRESS, 
T_ADDRESS, T_JOB, T_PASSWORD, T_BIRTHDAY, T_STATUS) 
VALUES ('T'||LPAD(to_char(SEQ_TEACHER.NEXTVAL), 3, '0'), '皮老闆', '男性', 'G163118522', 'teacher09@gmail.com', 
'桃園市中壢區中大路300號', '桃園市中壢區中大路300號', '老師', '000009', 
TO_DATE('1970-01-25','YYYY-MM-DD'), 1);

INSERT INTO TEACHER (T_NUM, T_NAME, T_GENDER, T_ID, T_EMAIL, T_R_ADDRESS, 
T_ADDRESS, T_JOB, T_PASSWORD, T_BIRTHDAY, T_STATUS) 
VALUES ('T'||LPAD(to_char(SEQ_TEACHER.NEXTVAL), 3, '0'), '派大星', '男性', 'R135106403', 'teacher10@gmail.com', 
'桃園市中壢區中大路300號', '桃園市中壢區中大路300號', '老師', '000010', 
TO_DATE('1998-12-28','YYYY-MM-DD'), 1);

--==============================================監護人   
INSERT INTO GUARDIAN
VALUES('G123456789' , '野原廣志', '男' , 'da102g4@gmail.com' , '宜蘭縣羅東鎮', '父子' ,'0912458827' ,TO_DATE('1996-04-19','YYYY-MM-DD'));
INSERT INTO GUARDIAN
VALUES('L123456789' , '野原美冴', '女' , 'da102g4@gmail.com' , '台中市XX區', '母子' ,'0976705123' ,TO_DATE('1995-01-01','YYYY-MM-DD'));
INSERT INTO GUARDIAN
VALUES('H123456789' , '櫻田萌子', '女' , 'da102g4@gmail.com' , '桃園市中壢區', '母子' ,'0925314123' ,TO_DATE('1985-01-01','YYYY-MM-DD'));
INSERT INTO GUARDIAN
VALUES('H123456780' , '風間峰子', '女' , 'da102g4@gmail.com' , '桃園市中壢區', '母子' ,'0919160123' ,TO_DATE('1989-01-01','YYYY-MM-DD'));
INSERT INTO GUARDIAN
VALUES('H123456781' , '可愛P', '女' , 'da102g4@gmail.com' , '桃園市中壢區', '母子' ,'0916001123' ,TO_DATE('1994-01-01','YYYY-MM-DD'));
INSERT INTO GUARDIAN
VALUES('H123456782' , '動感超人', '男' , 'da102g4@gmail.com' , '桃園市中壢區', '父子' ,'0925633123' ,TO_DATE('1995-01-01','YYYY-MM-DD'));
INSERT INTO GUARDIAN
VALUES('E123456782' , '櫻田苗木', '男' , 'da102g4@gmail.com' , '高雄市XX區', '父子' ,'0930555123' ,TO_DATE('1992-01-01','YYYY-MM-DD'));
INSERT INTO GUARDIAN
VALUES('F123456782' , '左衛門', '男' , 'da102g4@gmail.com' , '新北市XX區', '父子' ,'0903690123' ,TO_DATE('1995-01-01','YYYY-MM-DD'));
INSERT INTO GUARDIAN
VALUES('Z123456782' , '正男的媽媽', '女' , 'da102g4@gmail.com' , '桃園市中壢區', '母子' ,'0912345678' ,TO_DATE('1915-01-01','YYYY-MM-DD'));
INSERT INTO GUARDIAN
VALUES('Z123456783' , '阿呆的媽媽', '女' , 'da102g4@gmail.com' , '桃園市中壢區', '母子' ,'0912345679' ,TO_DATE('1955-01-01','YYYY-MM-DD'));


--=========================================班級 CLASS 

DROP  SEQUENCE SEQ_CLASS;
CREATE SEQUENCE SEQ_CLASS
INCREMENT BY 1
START WITH 1
NOMAXVALUE
NOCYCLE
NOCACHE;

INSERT INTO CLASS VALUES('C'||LPAD(to_char(SEQ_CLASS.NEXTVAL), 3, '0') , 'T002' , 'T005' , '向日葵班' , 106);

INSERT INTO CLASS VALUES('C'||LPAD(to_char(SEQ_CLASS.NEXTVAL), 3, '0') , 'T003' , 'T006' , '玫瑰班' , 107);

INSERT INTO CLASS VALUES('C'||LPAD(to_char(SEQ_CLASS.NEXTVAL), 3, '0') , 'T004' , 'T007' , '櫻花班' , 108);


--================================================學生 STUDENT 

DROP  SEQUENCE SEQ_STUDENT;
CREATE SEQUENCE SEQ_STUDENT
INCREMENT BY 1
START WITH 1
NOMAXVALUE
NOCYCLE
NOCACHE;

INSERT INTO STUDENT(ST_NUM,CS_NUM,GD_ID,ST_NAME,ST_GENDER,ST_ID,ST_R_ADDRESS,ST_ADDRESS,ST_PASSWORD,
ST_BIRTHDAY,ST_STATUS) VALUES('S'||LPAD(to_char(SEQ_STUDENT.NEXTVAL), 3, '0'),'C001','G123456789','蠟筆小新','男','S000000000','宜蘭縣羅東鎮','宜蘭縣羅東鎮',
'000000',TO_DATE('2019-01-01','YYYY-MM-DD'),0);
INSERT INTO STUDENT(ST_NUM,CS_NUM,GD_ID,ST_NAME,ST_GENDER,ST_ID,ST_R_ADDRESS,ST_ADDRESS,ST_PASSWORD,
ST_BIRTHDAY,ST_STATUS) VALUES('S'||LPAD(to_char(SEQ_STUDENT.NEXTVAL), 3, '0'),'C001','L123456789','小葵','女','S000000001','台中市XX區','台中市XX區',
'000001',TO_DATE('2019-01-02','YYYY-MM-DD'),0);
INSERT INTO STUDENT(ST_NUM,CS_NUM,GD_ID,ST_NAME,ST_GENDER,ST_ID,ST_R_ADDRESS,ST_ADDRESS,ST_PASSWORD,
ST_BIRTHDAY,ST_STATUS) VALUES('S'||LPAD(to_char(SEQ_STUDENT.NEXTVAL), 3, '0'),'C001','H123456789','櫻田妮妮','女','S000000002','桃園市中壢區','桃園市中壢區',
'000002',TO_DATE('2019-01-03','YYYY-MM-DD'),0);
INSERT INTO STUDENT(ST_NUM,CS_NUM,GD_ID,ST_NAME,ST_GENDER,ST_ID,ST_R_ADDRESS,ST_ADDRESS,ST_PASSWORD,
ST_BIRTHDAY,ST_STATUS) VALUES('S'||LPAD(to_char(SEQ_STUDENT.NEXTVAL), 3, '0'),'C001','H123456780','風間徹','男','S000000003','桃園市中壢區','桃園市中壢區',
'000003',TO_DATE('2019-01-04','YYYY-MM-DD'),0);
INSERT INTO STUDENT(ST_NUM,CS_NUM,GD_ID,ST_NAME,ST_GENDER,ST_ID,ST_R_ADDRESS,ST_ADDRESS,ST_PASSWORD,
ST_BIRTHDAY,ST_STATUS) VALUES('S'||LPAD(to_char(SEQ_STUDENT.NEXTVAL), 3, '0'),'C001','H123456781','可愛PSON','女','S000000004','桃園市中壢區','桃園市中壢區',
'000004',TO_DATE('2019-01-05','YYYY-MM-DD'),0);
INSERT INTO STUDENT(ST_NUM,CS_NUM,GD_ID,ST_NAME,ST_GENDER,ST_ID,ST_R_ADDRESS,ST_ADDRESS,ST_PASSWORD,
ST_BIRTHDAY,ST_STATUS) VALUES('S'||LPAD(to_char(SEQ_STUDENT.NEXTVAL), 3, '0'),'C003','H123456782','動感小人','男','S000000005','桃園市中壢區','桃園市中壢區',
'000005',TO_DATE('2019-01-06','YYYY-MM-DD'),0);
INSERT INTO STUDENT(ST_NUM,CS_NUM,GD_ID,ST_NAME,ST_GENDER,ST_ID,ST_R_ADDRESS,ST_ADDRESS,ST_PASSWORD,
ST_BIRTHDAY,ST_STATUS) VALUES('S'||LPAD(to_char(SEQ_STUDENT.NEXTVAL), 3, '0'),'C001','E123456782','櫻田帥帥','男','S000000006','高雄市XX區','高雄市XX區',
'000006',TO_DATE('2019-01-07','YYYY-MM-DD'),0);
INSERT INTO STUDENT(ST_NUM,CS_NUM,GD_ID,ST_NAME,ST_GENDER,ST_ID,ST_R_ADDRESS,ST_ADDRESS,ST_PASSWORD,
ST_BIRTHDAY,ST_STATUS) VALUES('S'||LPAD(to_char(SEQ_STUDENT.NEXTVAL), 3, '0'),'C002','F123456782','右衛門','男','S000000007','新北市XX區','新北市XX區',
'000007',TO_DATE('2019-01-08','YYYY-MM-DD'),0);
INSERT INTO STUDENT(ST_NUM,CS_NUM,GD_ID,ST_NAME,ST_GENDER,ST_ID,ST_R_ADDRESS,ST_ADDRESS,ST_PASSWORD,
ST_BIRTHDAY,ST_STATUS) VALUES('S'||LPAD(to_char(SEQ_STUDENT.NEXTVAL), 3, '0'),'C003','Z123456782','正男','男','S000000008','桃園市中壢區','桃園市中壢區',
'000008',TO_DATE('2019-01-09','YYYY-MM-DD'),0);
INSERT INTO STUDENT(ST_NUM,CS_NUM,GD_ID,ST_NAME,ST_GENDER,ST_ID,ST_R_ADDRESS,ST_ADDRESS,ST_PASSWORD,
ST_BIRTHDAY,ST_STATUS) VALUES('S'||LPAD(to_char(SEQ_STUDENT.NEXTVAL), 3, '0'),'C001','Z123456783','阿呆','男','S000000009','桃園市中壢區','桃園市中壢區',
'000009',TO_DATE('2019-01-10','YYYY-MM-DD'),0);


--==============================================託藥單  PRESCRIPTION   
ALTER SESSION SET NLS_TIMESTAMP_FORMAT = 'yyyy-mm-dd hh24:mi:ss';
DROP  SEQUENCE SEQ_PRESCRIPTION;
CREATE SEQUENCE SEQ_PRESCRIPTION
INCREMENT BY 1
START WITH 1001
NOMAXVALUE
NOCYCLE
NOCACHE;
INSERT INTO PRESCRIPTION (PRE_ID , ST_NUM , PRE_CONTENT , PRE_TIME) 
VALUES(SEQ_PRESCRIPTION.nextval , 'S001', '午餐前感冒藥粉白包一包', '2019/08/08 12:00:00');
INSERT INTO PRESCRIPTION (PRE_ID , ST_NUM , PRE_CONTENT , PRE_TIME) 
VALUES(SEQ_PRESCRIPTION.nextval , 'S001', '過敏藥水50cc' , '2019/08/10 10:00:00');
INSERT INTO PRESCRIPTION (PRE_ID , ST_NUM , PRE_CONTENT , PRE_TIME) 
VALUES(SEQ_PRESCRIPTION.nextval , 'S002', '眼藥水左右眼各一滴' , '2019/08/15 14:00:00');
INSERT INTO PRESCRIPTION (PRE_ID, ST_NUM , PRE_CONTENT , PRE_TIME) 
VALUES(SEQ_PRESCRIPTION.nextval , 'S004', '腳的傷口抹藥膏一次' , '2019/08/22 09:30:00');
INSERT INTO PRESCRIPTION (PRE_ID , ST_NUM , PRE_CONTENT , PRE_TIME) 
VALUES(SEQ_PRESCRIPTION.nextval , 'S004', '午餐前發燒藥粉一包' , '2019/08/21 12:30:00');
INSERT INTO PRESCRIPTION (PRE_ID , ST_NUM , PRE_CONTENT , PRE_TIME) 
VALUES(SEQ_PRESCRIPTION.nextval , 'S007', '過敏藥粉一包' , '2019/08/28 10:30:00');
INSERT INTO PRESCRIPTION (PRE_ID , ST_NUM , PRE_CONTENT , PRE_TIME) 
VALUES(SEQ_PRESCRIPTION.nextval , 'S007', '傷口換藥' , '2019/09/01 11:30:00');
INSERT INTO PRESCRIPTION (PRE_ID , ST_NUM , PRE_CONTENT , PRE_TIME) 
VALUES(SEQ_PRESCRIPTION.nextval , 'S008', '感冒藥水100cc' , '2019/09/02 11:30:00');
INSERT INTO PRESCRIPTION (PRE_ID , ST_NUM , PRE_CONTENT , PRE_TIME) 
VALUES(SEQ_PRESCRIPTION.nextval , 'S009', '發燒藥粉一包' , '2019/09/05 15:30:00');
INSERT INTO PRESCRIPTION (PRE_ID, ST_NUM , PRE_CONTENT , PRE_TIME) 
VALUES(SEQ_PRESCRIPTION.nextval , 'S010', '氣喘吸入劑一次' , '2019/09/06
09:30:00');


--======================================教職員上下班紀錄  TEACHER_RECORD  
ALTER SESSION SET NLS_TIMESTAMP_FORMAT = 'yyyy-mm-dd hh24:mi:ss';
DROP SEQUENCE SEQ_TEACHER_RECORD;
CREATE SEQUENCE SEQ_TEACHER_RECORD
INCREMENT BY 1
START WITH 1001
NOMAXVALUE
NOCYCLE
NOCACHE;
INSERT INTO TEACHER_RECORD(R_NUM , T_NUM , ON_TIME , OFF_TIME) 
VALUES(SEQ_TEACHER_RECORD.nextval , 'T001', '2019/09/01 07:15:00' , '2019/09/01 17:05:00');
INSERT INTO TEACHER_RECORD(R_NUM , T_NUM , ON_TIME , OFF_TIME) 
VALUES(SEQ_TEACHER_RECORD.nextval , 'T001', '2019/09/02 07:27:00' , '2019/09/02 16:55:00');
INSERT INTO TEACHER_RECORD(R_NUM , T_NUM , ON_TIME , OFF_TIME) 
VALUES(SEQ_TEACHER_RECORD.nextval , 'T001', '2019/09/03 07:10:00' , '2019/09/01 17:30:00');
INSERT INTO TEACHER_RECORD(R_NUM , T_NUM , ON_TIME , OFF_TIME) 
VALUES(SEQ_TEACHER_RECORD.nextval , 'T002', '2019/09/01 07:12:00' , '2019/09/01 16:35:00');
INSERT INTO TEACHER_RECORD(R_NUM , T_NUM , ON_TIME , OFF_TIME) 
VALUES(SEQ_TEACHER_RECORD.nextval , 'T002', '2019/09/02 07:18:00' , '2019/09/01 16:55:00');
INSERT INTO TEACHER_RECORD(R_NUM , T_NUM , ON_TIME , OFF_TIME) 
VALUES(SEQ_TEACHER_RECORD.nextval , 'T002', '2019/09/03 07:29:00' , '2019/09/03 17:03:00');
INSERT INTO TEACHER_RECORD(R_NUM , T_NUM , ON_TIME , OFF_TIME) 
VALUES(SEQ_TEACHER_RECORD.nextval , 'T003', '2019/09/01 07:19:00' , '2019/09/01 16:45:00');
INSERT INTO TEACHER_RECORD(R_NUM , T_NUM , ON_TIME , OFF_TIME) 
VALUES(SEQ_TEACHER_RECORD.nextval , 'T003', '2019/09/02 07:25:00' , '2019/09/02 17:40:00');
INSERT INTO TEACHER_RECORD(R_NUM , T_NUM , ON_TIME , OFF_TIME) 
VALUES(SEQ_TEACHER_RECORD.nextval , 'T003', '2019/09/03 07:00:00' , '2019/09/03 16:39:00');
INSERT INTO TEACHER_RECORD(R_NUM , T_NUM , ON_TIME , OFF_TIME) 
VALUES(SEQ_TEACHER_RECORD.nextval , 'T004', '2019/09/01 07:10:00' , '2019/09/01 16:54:00');
INSERT INTO TEACHER_RECORD(R_NUM , T_NUM , ON_TIME , OFF_TIME) 
VALUES(SEQ_TEACHER_RECORD.nextval , 'T004', '2019/09/02 07:30:00' , '2019/09/02 17:55:00');
INSERT INTO TEACHER_RECORD(R_NUM , T_NUM , ON_TIME , OFF_TIME) 
VALUES(SEQ_TEACHER_RECORD.nextval , 'T004', '2019/09/03 07:24:00' , '2019/09/01 16:35:00');


--====================================================學生到校離校時間  ARRIVE_LEAVE_TIME 
ALTER SESSION SET NLS_TIMESTAMP_FORMAT = 'yyyy-mm-dd hh24:mi:ss';
DROP SEQUENCE SEQ_ARRIVE_LEAVE_TIME;
CREATE SEQUENCE SEQ_ARRIVE_LEAVE_TIME
INCREMENT BY 1
START WITH 1001
NOMAXVALUE
NOCYCLE
NOCACHE;


INSERT INTO ARRIVE_LEAVE_TIME(ALT_NO , ST_NUM , ALT_ARR , ALT_LEA,ALT_LEAT) 
VALUES(SEQ_ARRIVE_LEAVE_TIME.nextval , 'S001', '2019/08/01 08:21:00' , '2019/08/01 16:05:00' , '2019/08/01 16:00:00');
INSERT INTO ARRIVE_LEAVE_TIME(ALT_NO , ST_NUM , ALT_ARR , ALT_LEA,ALT_LEAT) 
VALUES(SEQ_ARRIVE_LEAVE_TIME.nextval , 'S001', '2019/08/02 08:11:00' , '2019/08/02 16:22:00' , '2019/08/02 16:00:00');
INSERT INTO ARRIVE_LEAVE_TIME(ALT_NO , ST_NUM , ALT_ARR , ALT_LEA,ALT_LEAT) 
VALUES(SEQ_ARRIVE_LEAVE_TIME.nextval , 'S001', '2019/08/03 08:30:00' , '2019/08/03 16:20:00' , '2019/08/03 16:00:00');
INSERT INTO ARRIVE_LEAVE_TIME(ALT_NO , ST_NUM , ALT_ARR , ALT_LEA,ALT_LEAT) 
VALUES(SEQ_ARRIVE_LEAVE_TIME.nextval , 'S002', '2019/08/01 08:00:00' , '2019/08/01 16:02:00' , '2019/08/01 16:00:00');
INSERT INTO ARRIVE_LEAVE_TIME(ALT_NO , ST_NUM , ALT_ARR , ALT_LEA,ALT_LEAT) 
VALUES(SEQ_ARRIVE_LEAVE_TIME.nextval , 'S002', '2019/08/02 08:13:00' , '2019/08/02 16:15:00' , '2019/08/02 16:00:00');
INSERT INTO ARRIVE_LEAVE_TIME(ALT_NO , ST_NUM , ALT_ARR , ALT_LEA,ALT_LEAT) 
VALUES(SEQ_ARRIVE_LEAVE_TIME.nextval , 'S002', '2019/08/03 08:23:00' , '2019/08/03 16:01:00' , '2019/08/03 16:00:00');
INSERT INTO ARRIVE_LEAVE_TIME(ALT_NO , ST_NUM , ALT_ARR , ALT_LEA,ALT_LEAT) 
VALUES(SEQ_ARRIVE_LEAVE_TIME.nextval , 'S003', '2019/08/01 08:33:00' , '2019/08/01 16:50:00' , '2019/08/01 16:00:00');
INSERT INTO ARRIVE_LEAVE_TIME(ALT_NO , ST_NUM , ALT_ARR , ALT_LEA,ALT_LEAT) 
VALUES(SEQ_ARRIVE_LEAVE_TIME.nextval , 'S003', '2019/08/02 08:10:00' , '2019/08/02 16:05:00' , '2019/08/02 16:00:00');
INSERT INTO ARRIVE_LEAVE_TIME(ALT_NO , ST_NUM , ALT_ARR , ALT_LEA,ALT_LEAT) 
VALUES(SEQ_ARRIVE_LEAVE_TIME.nextval , 'S003', '2019/08/03 08:18:00' , '2019/08/03 16:25:00' , '2019/08/03 16:00:00');
INSERT INTO ARRIVE_LEAVE_TIME(ALT_NO , ST_NUM , ALT_ARR , ALT_LEA,ALT_LEAT) 
VALUES(SEQ_ARRIVE_LEAVE_TIME.nextval , 'S001', '2019/08/20 08:00:00' , '2019/08/20 16:10:00' , '2019/08/20 16:00:00');
INSERT INTO ARRIVE_LEAVE_TIME(ALT_NO , ST_NUM , ALT_ARR , ALT_LEA,ALT_LEAT) 
VALUES(SEQ_ARRIVE_LEAVE_TIME.nextval , 'S001', '2019/08/21 08:02:00' , '2019/08/21 16:50:00' , '2019/08/21 16:00:00');
INSERT INTO ARRIVE_LEAVE_TIME(ALT_NO , ST_NUM , ALT_ARR , ALT_LEA,ALT_LEAT) 
VALUES(SEQ_ARRIVE_LEAVE_TIME.nextval , 'S001', '2019/08/22 08:09:00' , '2019/08/22 16:44:00' , '2019/08/22 16:00:00');
INSERT INTO ARRIVE_LEAVE_TIME(ALT_NO , ST_NUM , ALT_ARR , ALT_LEA,ALT_LEAT) 
VALUES(SEQ_ARRIVE_LEAVE_TIME.nextval , 'S001', '2019/08/23 08:29:00' , '2019/08/23 18:00:00' , '2019/08/23 16:00:00');
INSERT INTO ARRIVE_LEAVE_TIME(ALT_NO , ST_NUM , ALT_ARR , ALT_LEA,ALT_LEAT) 
VALUES(SEQ_ARRIVE_LEAVE_TIME.nextval , 'S001', '2019/08/24 08:39:00' , '2019/08/24 18:33:00' , '2019/08/24 16:00:00');
INSERT INTO ARRIVE_LEAVE_TIME(ALT_NO , ST_NUM , ALT_ARR , ALT_LEA,ALT_LEAT) 
VALUES(SEQ_ARRIVE_LEAVE_TIME.nextval , 'S001', '2019/08/25 08:49:00' , '2019/08/25 17:05:00' , '2019/08/25 16:00:00');

INSERT INTO ARRIVE_LEAVE_TIME(ALT_NO , ST_NUM , ALT_ARR , ALT_LEA,ALT_LEAT) 
VALUES(SEQ_ARRIVE_LEAVE_TIME.nextval , 'S001', '2019/08/26 08:29:00' , '2019/08/26 18:00:00' , '2019/08/26 16:00:00');
INSERT INTO ARRIVE_LEAVE_TIME(ALT_NO , ST_NUM , ALT_ARR , ALT_LEA,ALT_LEAT) 
VALUES(SEQ_ARRIVE_LEAVE_TIME.nextval , 'S001', '2019/08/27 08:39:00' , '2019/08/27 18:33:00' , '2019/08/27 16:00:00');
INSERT INTO ARRIVE_LEAVE_TIME(ALT_NO , ST_NUM , ALT_ARR , ALT_LEA,ALT_LEAT) 
VALUES(SEQ_ARRIVE_LEAVE_TIME.nextval , 'S001', '2019/08/28 08:49:00' , '2019/08/28 17:05:00' , '2019/08/28 16:00:00');
INSERT INTO ARRIVE_LEAVE_TIME(ALT_NO , ST_NUM , ALT_ARR , ALT_LEA,ALT_LEAT) 
VALUES(SEQ_ARRIVE_LEAVE_TIME.nextval , 'S001', '2019/08/29 08:29:00' , '2019/08/29 18:00:00' , '2019/08/29 16:00:00');
INSERT INTO ARRIVE_LEAVE_TIME(ALT_NO , ST_NUM , ALT_ARR , ALT_LEA,ALT_LEAT) 
VALUES(SEQ_ARRIVE_LEAVE_TIME.nextval , 'S001', '2019/08/30 08:39:00' , '2019/08/30 18:33:00' , '2019/08/30 16:00:00');
INSERT INTO ARRIVE_LEAVE_TIME(ALT_NO , ST_NUM , ALT_ARR , ALT_LEA,ALT_LEAT) 
VALUES(SEQ_ARRIVE_LEAVE_TIME.nextval , 'S001', '2019/08/31 08:49:00' , '2019/08/31 17:05:00' , '2019/08/31 16:00:00');






INSERT INTO ARRIVE_LEAVE_TIME(ALT_NO , ST_NUM , ALT_ARR , ALT_LEA,ALT_LEAT) 
VALUES(SEQ_ARRIVE_LEAVE_TIME.nextval , 'S001', '2019/09/01 08:21:00' , '2019/09/01 16:05:00' , '2019/09/01 16:00:00');
INSERT INTO ARRIVE_LEAVE_TIME(ALT_NO , ST_NUM , ALT_ARR , ALT_LEA,ALT_LEAT) 
VALUES(SEQ_ARRIVE_LEAVE_TIME.nextval , 'S001', '2019/09/02 08:11:00' , '2019/09/02 16:22:00' , '2019/09/02 16:00:00');
INSERT INTO ARRIVE_LEAVE_TIME(ALT_NO , ST_NUM , ALT_ARR , ALT_LEA,ALT_LEAT) 
VALUES(SEQ_ARRIVE_LEAVE_TIME.nextval , 'S001', '2019/09/03 08:30:00' , '2019/09/03 16:20:00' , '2019/09/03 16:00:00');
INSERT INTO ARRIVE_LEAVE_TIME(ALT_NO , ST_NUM , ALT_ARR , ALT_LEA,ALT_LEAT) 
VALUES(SEQ_ARRIVE_LEAVE_TIME.nextval , 'S002', '2019/09/01 08:00:00' , '2019/09/01 16:02:00' , '2019/09/01 16:00:00');
INSERT INTO ARRIVE_LEAVE_TIME(ALT_NO , ST_NUM , ALT_ARR , ALT_LEA,ALT_LEAT) 
VALUES(SEQ_ARRIVE_LEAVE_TIME.nextval , 'S002', '2019/09/02 08:13:00' , '2019/09/02 16:15:00' , '2019/09/02 16:00:00');
INSERT INTO ARRIVE_LEAVE_TIME(ALT_NO , ST_NUM , ALT_ARR , ALT_LEA,ALT_LEAT) 
VALUES(SEQ_ARRIVE_LEAVE_TIME.nextval , 'S002', '2019/09/03 08:23:00' , '2019/09/03 16:01:00' , '2019/09/03 16:00:00');
INSERT INTO ARRIVE_LEAVE_TIME(ALT_NO , ST_NUM , ALT_ARR , ALT_LEA,ALT_LEAT) 
VALUES(SEQ_ARRIVE_LEAVE_TIME.nextval , 'S003', '2019/09/01 08:33:00' , '2019/09/01 16:50:00' , '2019/09/01 16:00:00');
INSERT INTO ARRIVE_LEAVE_TIME(ALT_NO , ST_NUM , ALT_ARR , ALT_LEA,ALT_LEAT) 
VALUES(SEQ_ARRIVE_LEAVE_TIME.nextval , 'S003', '2019/09/02 08:10:00' , '2019/09/02 16:05:00' , '2019/09/02 16:00:00');
INSERT INTO ARRIVE_LEAVE_TIME(ALT_NO , ST_NUM , ALT_ARR , ALT_LEA,ALT_LEAT) 
VALUES(SEQ_ARRIVE_LEAVE_TIME.nextval , 'S003', '2019/09/03 08:18:00' , '2019/09/03 16:25:00' , '2019/09/03 16:00:00');
INSERT INTO ARRIVE_LEAVE_TIME(ALT_NO , ST_NUM , ALT_ARR , ALT_LEA,ALT_LEAT) 
VALUES(SEQ_ARRIVE_LEAVE_TIME.nextval , 'S001', '2019/09/20 08:00:00' , '2019/09/20 16:10:00' , '2019/09/20 16:00:00');
INSERT INTO ARRIVE_LEAVE_TIME(ALT_NO , ST_NUM , ALT_ARR , ALT_LEA,ALT_LEAT) 
VALUES(SEQ_ARRIVE_LEAVE_TIME.nextval , 'S001', '2019/09/21 08:02:00' , '2019/09/21 16:50:00' , '2019/09/21 16:00:00');
INSERT INTO ARRIVE_LEAVE_TIME(ALT_NO , ST_NUM , ALT_ARR , ALT_LEA,ALT_LEAT) 
VALUES(SEQ_ARRIVE_LEAVE_TIME.nextval , 'S001', '2019/09/22 08:09:00' , '2019/09/22 16:44:00' , '2019/09/22 16:00:00');
INSERT INTO ARRIVE_LEAVE_TIME(ALT_NO , ST_NUM , ALT_ARR , ALT_LEA,ALT_LEAT) 
VALUES(SEQ_ARRIVE_LEAVE_TIME.nextval , 'S001', '2019/09/23 08:29:00' , '2019/09/23 18:00:00' , '2019/09/23 16:00:00');
INSERT INTO ARRIVE_LEAVE_TIME(ALT_NO , ST_NUM , ALT_ARR , ALT_LEA,ALT_LEAT) 
VALUES(SEQ_ARRIVE_LEAVE_TIME.nextval , 'S001', '2019/09/24 08:39:00' , '2019/09/24 18:33:00' , '2019/09/24 16:00:00');
INSERT INTO ARRIVE_LEAVE_TIME(ALT_NO , ST_NUM , ALT_ARR , ALT_LEA,ALT_LEAT) 
VALUES(SEQ_ARRIVE_LEAVE_TIME.nextval , 'S001', '2019/09/25 08:49:00' , '2019/09/25 17:05:00' , '2019/09/25 16:00:00');

INSERT INTO ARRIVE_LEAVE_TIME(ALT_NO , ST_NUM , ALT_ARR , ALT_LEA,ALT_LEAT) 
VALUES(SEQ_ARRIVE_LEAVE_TIME.nextval , 'S001', '2019/09/27 08:59:00' , '2019/09/27 18:22:00' , '2019/09/27 16:00:00');


--=========================================班級相簿  CLASS_PICTURES  
ALTER SESSION SET NLS_TIMESTAMP_FORMAT = 'yyyy-mm-dd hh24:mi:ss';
DROP SEQUENCE SEQ_CLASS_PICTURES;
CREATE SEQUENCE SEQ_CLASS_PICTURES
INCREMENT BY 1
START WITH 1001
NOMAXVALUE
NOCYCLE
NOCACHE;


--==============================================班級公告 CLASS_ANNOUNCEMENT


INSERT INTO CLASS_ANNOUNCEMENT VALUES(1001,'C001','班級活動','校外教學集合地點','向日葵班9/31校外教學，集合地點在美心幼兒園操場旁邊的大象溜滑梯','2019/8/13');
INSERT INTO CLASS_ANNOUNCEMENT VALUES(1002,'C001','失物招領','有誰物品遺失了','操場上拾獲遺失物品；石頭一塊，掉了的同學請至吉永老師辦公桌領回','2019/8/19');
INSERT INTO CLASS_ANNOUNCEMENT VALUES(1003,'C001','打掃工作','掃地工作須知','向日葵班負責一樓男廁所的打掃，請打掃時間攜帶掃把、拖把、畚斗至指定打掃區域','2019/8/24');
INSERT INTO CLASS_ANNOUNCEMENT VALUES(1004,'C001','留校察看','還敢調皮呀？小新','野原新之助在教室內公然露大象，留校察看2小時','2019/8/31');
INSERT INTO CLASS_ANNOUNCEMENT VALUES(1005,'C002','班級活動','校外教學暫停一次','玫瑰班9/28校外教學遇到教師節暫停一次','2019/8/10');
INSERT INTO CLASS_ANNOUNCEMENT VALUES(1006,'C002','失物招領','誰掉內褲啦？！','男廁所撿到一條動感超人的內褲，遺失的人盡快來松坂老師這裡領，快一點！很臭..','2019/8/15');
INSERT INTO CLASS_ANNOUNCEMENT VALUES(1007,'C002','打掃工作','掃地工作須知','玫瑰班負責花園的植物照顧與澆水，請打掃時間攜帶澆花器、水桶至操場旁花園','2019/8/23');
INSERT INTO CLASS_ANNOUNCEMENT VALUES(1008,'C002','留校察看','肥嘟嘟佐衛門吃飽太閒嗎？','肥嘟嘟佐衛門公然在園長辦公室露大象，留校察看4小時','2019/9/3');
INSERT INTO CLASS_ANNOUNCEMENT VALUES(1009,'C003','班級活動','校外教學集合地點','櫻花班9/26校外教學決定去後山野餐，集合地點在上尾老師家','2019/8/16');
INSERT INTO CLASS_ANNOUNCEMENT VALUES(1010,'C003','失物招領','臭小偷死出來！','老師的眼鏡到底誰拿走了？@%#^!^&%%#^!%!#...','2019/9/17');
INSERT INTO CLASS_ANNOUNCEMENT VALUES(1011,'C003','打掃工作','掃地工作須知','櫻花班打掃區域在一樓女廁','2019/8/13');
INSERT INTO CLASS_ANNOUNCEMENT VALUES(1012,'C003','留校察看','上尾老師gg','上尾老師對園長飆髒話，每個星期天永久留校察看','2019/9/15');

DROP SEQUENCE SEQ_CLASS_ANNOUNCEMENT;
CREATE SEQUENCE SEQ_CLASS_ANNOUNCEMENT
INCREMENT BY 1
START WITH 1013
NOMAXVALUE
NOCYCLE
NOCACHE;
--==============================================班級留言板 CLASS_MESSAGEBOARD  
--錯誤:GD_ID , T_NUM 在這裡可為NULL 因為一筆資料有時候是家長留言，有時候是老師，都可能會造成欄位NULL的現象產生。
INSERT INTO CLASS_MESSAGEBOARD (MSG_NUM , CS_NUM , T_NUM , MSG)
VALUES(1001 , 'C001' , 'T002' , '下禮拜天，向日葵班舉辦用「屁股夾筆寫字比賽」，有人要+1嗎?');

INSERT INTO CLASS_MESSAGEBOARD (MSG_NUM , CS_NUM , GD_ID , MSG)
VALUES(1002 , 'C001' , 'L123456789' , '居然有這種比賽，這樣我們家小新應該可以拿冠軍喔!');

INSERT INTO CLASS_MESSAGEBOARD (MSG_NUM , CS_NUM , GD_ID , MSG)
VALUES(1003 , 'C001' , 'G123456789' , '先別管這個了...老師約嗎?嘿嘿~~~');

INSERT INTO CLASS_MESSAGEBOARD (MSG_NUM , CS_NUM , T_NUM , MSG)
VALUES(1004 , 'C002' , 'T003' , '這個星期六，老師跟松坂先生要在家裡舉辦派對，要來的底下留言~~');

INSERT INTO CLASS_MESSAGEBOARD (MSG_NUM , CS_NUM , GD_ID , MSG)
VALUES(1005 , 'C002' , 'H123456782' , '不揪我就吃我一記動感光波~~BIBIBIBIBI~~~~~~');

INSERT INTO CLASS_MESSAGEBOARD (MSG_NUM , CS_NUM , GD_ID , MSG)
VALUES(1006 , 'C002' , 'F123456782' , '先別提這個了，你聽過氨粒嗎？');

INSERT INTO CLASS_MESSAGEBOARD (MSG_NUM , CS_NUM , T_NUM , MSG)
VALUES(1007 , 'C003' , 'T004' , '有人看到老師的眼鏡嗎？ x你x勒xxx，oooxxx oo @#$%^&*()....');

INSERT INTO CLASS_MESSAGEBOARD (MSG_NUM , CS_NUM , GD_ID , MSG)
VALUES(1008 , 'C003' , 'H123456781' , '嗚嗚嗚嗚嗚嗚...跟平常看到的上尾老師不一樣啦....嗚嗚嗚');

DROP SEQUENCE CLASS_MESSAGEBOARD_SEQ;
CREATE SEQUENCE CLASS_MESSAGEBOARD_SEQ
INCREMENT BY 1
START WITH 1009
NOMAXVALUE
NOCYCLE
NOCACHE;


--=========================================園所公告  ANNOUNCEMENT 

DROP SEQUENCE ANNO_NO;

CREATE SEQUENCE ANNO_NO
INCREMENT BY 1
START WITH 1001
NOMAXVALUE
NOCYCLE
NOCACHE;
ALTER SESSION SET NLS_DATE_FORMAT = 'yyyy-mm-dd';

INSERT INTO ANNOUNCEMENT (ANNO_NO, ANNO_CLA, ANNO_TITLE, ANNO_TEXT, ANNO_DATE) 
VALUES (ANNO_NO.nextval, '當月活動', '88節活動' , '88節邀請每位爸爸，參觀園所小朋友們的熱情舞蹈。', '2019-08-01');
INSERT INTO ANNOUNCEMENT (ANNO_NO, ANNO_CLA, ANNO_TITLE, ANNO_TEXT, ANNO_DATE) 
VALUES (ANNO_NO.nextval, '最新消息', '才藝課程報名時間公布' , '10月20日可以開始報名美勞課程學習~!', '2019-08-02');
INSERT INTO ANNOUNCEMENT (ANNO_NO, ANNO_CLA, ANNO_TITLE, ANNO_TEXT, ANNO_DATE) 
VALUES (ANNO_NO.nextval, '停課訊息', '8月10日颱風假' , '政府公告8月9日颱風假，請各位家長和小朋友在家也記得實施防颱措施。','2019-08-08');
INSERT INTO ANNOUNCEMENT (ANNO_NO, ANNO_CLA, ANNO_TITLE, ANNO_TEXT, ANNO_DATE) 
VALUES (ANNO_NO.nextval, '政府輔助訊息', '2020年輔助訊息' , '2020年開始報名的家長可以申請5000元輔助。','2019-08-10');
INSERT INTO ANNOUNCEMENT (ANNO_NO, ANNO_CLA, ANNO_TITLE, ANNO_TEXT, ANNO_DATE) 
VALUES (ANNO_NO.nextval, '最新消息', '快樂迎接新學期' , '親愛的家長您好，祝家長和孩子有個美好的新學期。', '2019-08-15');
INSERT INTO ANNOUNCEMENT (ANNO_NO, ANNO_CLA, ANNO_TITLE, ANNO_TEXT, ANNO_DATE) 
VALUES (ANNO_NO.nextval, '當月活動', '8月壽星' , '今日園內幫8月份壽星慶生，向全園小朋友一起分享願望~。', '2019-08-20');
INSERT INTO ANNOUNCEMENT (ANNO_NO, ANNO_CLA, ANNO_TITLE, ANNO_TEXT, ANNO_DATE) 
VALUES (ANNO_NO.nextval, '最新消息', '畫圖比賽獲獎名單' , '桃園區畫圖比賽名單已出爐!家長可上教育部官方網站看自己的小朋友有無獲獎喔~。', '2019-09-02');
INSERT INTO ANNOUNCEMENT (ANNO_NO, ANNO_CLA, ANNO_TITLE, ANNO_TEXT, ANNO_DATE) 
VALUES (ANNO_NO.nextval, '當月活動', '隔宿露營活動' , '兩天一夜，訓練孩子的膽量與獨立，放手讓孩子加入我們的露營活動吧!','2019-09-10');
INSERT INTO ANNOUNCEMENT (ANNO_NO, ANNO_CLA, ANNO_TITLE, ANNO_TEXT, ANNO_DATE) 
VALUES (ANNO_NO.nextval, '最新消息', '9月壽星' , '今日園內幫9月份壽星慶生，每位小朋友們來一起吃小蛋糕唷。','2019-09-20');
INSERT INTO ANNOUNCEMENT (ANNO_NO, ANNO_CLA, ANNO_TITLE, ANNO_TEXT, ANNO_DATE) 
VALUES (ANNO_NO.nextval, '當月活動', '地震募款活動' , '小朋友可以買自己喜歡的卡通角色貼紙，幫地震的受災戶募款，發揮愛心。','2019-09-30');


--===========================================課程  COURES  

DROP SEQUENCE SEQ_COURSE;
CREATE SEQUENCE SEQ_COURSE
INCREMENT BY 1
START WITH 1001
NOMAXVALUE
NOCYCLE
NOCACHE;

INSERT INTO COURSE (COU_NUM  ,T_NUM  ,COU_NAME ,COU_INTROD ,COU_COST ,COU_MIN,COU_MAX ,COU_STATUS ,COU_SDATE ,COU_EDATE )
VALUES(SEQ_COURSE.NEXTVAL , 'T002', '小吳JAVA' , '大家快來學JAVA吧!!!', 5000 ,10,15,0 ,TO_DATE('2019-08-15','YYYY-MM-DD'),TO_DATE('2019-10-15','YYYY-MM-DD'));
INSERT INTO COURSE (COU_NUM  ,T_NUM  ,COU_NAME ,COU_INTROD ,COU_COST ,COU_MIN,COU_MAX ,COU_STATUS ,COU_SDATE ,COU_EDATE )
VALUES(SEQ_COURSE.NEXTVAL , 'T003', '大吳SERVLET' , '大家快來學SERVLET吧!!!', 500000 ,10,41,0 ,TO_DATE('2019-04-16','YYYY-MM-DD'),TO_DATE('2019-09-26','YYYY-MM-DD'));
INSERT INTO COURSE (COU_NUM  ,T_NUM  ,COU_NAME ,COU_INTROD ,COU_COST ,COU_MIN,COU_MAX ,COU_STATUS ,COU_SDATE ,COU_EDATE )
VALUES(SEQ_COURSE.NEXTVAL , 'T004', '董董JAVASCRIPT' , '大家快來學JAVASCRIPT吧!!!', 5000 ,11,15,0 ,TO_DATE('2019-08-20','YYYY-MM-DD'),TO_DATE('2019-10-15','YYYY-MM-DD'));
INSERT INTO COURSE (COU_NUM  ,T_NUM  ,COU_NAME ,COU_INTROD ,COU_COST ,COU_MIN,COU_MAX ,COU_STATUS ,COU_SDATE ,COU_EDATE )
VALUES(SEQ_COURSE.NEXTVAL , 'T005', '董董CSS' , '大家快來學CSS吧!!!', 50 ,3,5,0 ,TO_DATE('2019-07-15','YYYY-MM-DD'),TO_DATE('2019-12-15','YYYY-MM-DD'));
INSERT INTO COURSE (COU_NUM  ,T_NUM  ,COU_NAME ,COU_INTROD ,COU_COST ,COU_MIN,COU_MAX ,COU_STATUS ,COU_SDATE ,COU_EDATE )
VALUES(SEQ_COURSE.NEXTVAL , 'T006', '董董HTML' , '大家快來學HTML吧!!!', 500 ,12,15,0 ,TO_DATE('2019-06-30','YYYY-MM-DD'),TO_DATE('2019-10-15','YYYY-MM-DD'));
INSERT INTO COURSE (COU_NUM  ,T_NUM  ,COU_NAME ,COU_INTROD ,COU_COST ,COU_MIN,COU_MAX ,COU_STATUS ,COU_SDATE ,COU_EDATE )
VALUES(SEQ_COURSE.NEXTVAL , 'T007', '小吳JDBC' , '大家快來學JDBC吧!!!', 1000 ,12,15,0 ,TO_DATE('2019-11-25','YYYY-MM-DD'),TO_DATE('2019-12-15','YYYY-MM-DD'));
INSERT INTO COURSE (COU_NUM  ,T_NUM  ,COU_NAME ,COU_INTROD ,COU_COST ,COU_MIN,COU_MAX ,COU_STATUS ,COU_SDATE ,COU_EDATE )
VALUES(SEQ_COURSE.NEXTVAL , 'T008', '小吳REDIS' , '大家快來學REDIS吧!!!', 3000 ,13,25,0 ,TO_DATE('2019-12-15','YYYY-MM-DD'),TO_DATE('2020-02-15','YYYY-MM-DD'));
INSERT INTO COURSE (COU_NUM  ,T_NUM  ,COU_NAME ,COU_INTROD ,COU_COST ,COU_MIN,COU_MAX ,COU_STATUS ,COU_SDATE ,COU_EDATE )
VALUES(SEQ_COURSE.NEXTVAL , 'T009', '大吳JSP' , '大家快來學JSP吧!!!', 50000 ,12,15,0 ,TO_DATE('2019-07-15','YYYY-MM-DD'),TO_DATE('2019-12-15','YYYY-MM-DD'));
INSERT INTO COURSE (COU_NUM  ,T_NUM  ,COU_NAME ,COU_INTROD ,COU_COST ,COU_MIN,COU_MAX ,COU_STATUS ,COU_SDATE ,COU_EDATE )
VALUES(SEQ_COURSE.NEXTVAL , 'T010', '大吳MVC' , '大家快來學MVC吧!!!', 50000 ,5,10,0 ,TO_DATE('2019-05-15','YYYY-MM-DD'),TO_DATE('2019-11-15','YYYY-MM-DD'));


INSERT INTO COURSE (COU_NUM  ,T_NUM  ,COU_NAME ,COU_INTROD ,COU_COST ,COU_MIN,COU_MAX ,COU_STATUS ,COU_SDATE ,COU_EDATE )
VALUES(SEQ_COURSE.NEXTVAL , 'T008', '大吳Servlet' , '大吳神授課還不快來上課!!!', 50000 ,1,5,1 ,TO_DATE('2019-10-05','YYYY-MM-DD'),TO_DATE('2019-10-25','YYYY-MM-DD'));

INSERT INTO COURSE (COU_NUM  ,T_NUM  ,COU_NAME ,COU_INTROD ,COU_COST ,COU_MIN,COU_MAX ,COU_STATUS ,COU_SDATE ,COU_EDATE )
VALUES(SEQ_COURSE.NEXTVAL , 'T008', '大吳Hibernate' , '大吳神親自授課還不快來上課!!!', 20000 ,1,5,1 ,TO_DATE('2019-10-06','YYYY-MM-DD'),TO_DATE('2019-10-25','YYYY-MM-DD'));

INSERT INTO COURSE (COU_NUM  ,T_NUM  ,COU_NAME ,COU_INTROD ,COU_COST ,COU_MIN,COU_MAX ,COU_STATUS ,COU_SDATE ,COU_EDATE )
VALUES(SEQ_COURSE.NEXTVAL , 'T006', '小吳Android' , '小吳親自授課還不快來上課!!!', 5000 ,1,5,1 ,TO_DATE('2019-10-09','YYYY-MM-DD'),TO_DATE('2019-10-25','YYYY-MM-DD'));

INSERT INTO COURSE (COU_NUM  ,T_NUM  ,COU_NAME ,COU_INTROD ,COU_COST ,COU_MIN,COU_MAX ,COU_STATUS ,COU_SDATE ,COU_EDATE )
VALUES(SEQ_COURSE.NEXTVAL , 'T008', '大吳Spring' , '大吳親自授課還不快來上課!!!', 30000 ,1,5,1 ,TO_DATE('2019-10-09','YYYY-MM-DD'),TO_DATE('2019-10-25','YYYY-MM-DD'));

INSERT INTO COURSE (COU_NUM  ,T_NUM  ,COU_NAME ,COU_INTROD ,COU_COST ,COU_MIN,COU_MAX ,COU_STATUS ,COU_SDATE ,COU_EDATE )
VALUES(SEQ_COURSE.NEXTVAL , 'T006', '小吳Android' , '小吳親自授課還不快來上課!!!', 50000 ,1,5,1 ,TO_DATE('2019-10-09','YYYY-MM-DD'),TO_DATE('2019-10-25','YYYY-MM-DD'));

INSERT INTO COURSE (COU_NUM  ,T_NUM  ,COU_NAME ,COU_INTROD ,COU_COST ,COU_MIN,COU_MAX ,COU_STATUS ,COU_SDATE ,COU_EDATE )
VALUES(SEQ_COURSE.NEXTVAL , 'T005', '戰神Ajax' , '戰神授課還不小心點!!!', 10000 ,1,5,1 ,TO_DATE('2019-10-10','YYYY-MM-DD'),TO_DATE('2019-10-25','YYYY-MM-DD'));

INSERT INTO COURSE (COU_NUM  ,T_NUM  ,COU_NAME ,COU_INTROD ,COU_COST ,COU_MIN,COU_MAX ,COU_STATUS ,COU_SDATE ,COU_EDATE )
VALUES(SEQ_COURSE.NEXTVAL , 'T004', '董董CSS' , '懂懂老師授課喔  快來報名', 500 ,1,5,1 ,TO_DATE('2019-10-11','YYYY-MM-DD'),TO_DATE('2019-10-25','YYYY-MM-DD'));

INSERT INTO COURSE (COU_NUM  ,T_NUM  ,COU_NAME ,COU_INTROD ,COU_COST ,COU_MIN,COU_MAX ,COU_STATUS ,COU_SDATE ,COU_EDATE )
VALUES(SEQ_COURSE.NEXTVAL , 'T006', '小吳JDBC' , '小吳親自授課還不快來上課!!!', 50000 ,1,5,1 ,TO_DATE('2019-10-12','YYYY-MM-DD'),TO_DATE('2019-10-25','YYYY-MM-DD'));

INSERT INTO COURSE (COU_NUM  ,T_NUM  ,COU_NAME ,COU_INTROD ,COU_COST ,COU_MIN,COU_MAX ,COU_STATUS ,COU_SDATE ,COU_EDATE )
VALUES(SEQ_COURSE.NEXTVAL , 'T008', '大吳Apache' , '大吳親自授課還不快來上課!!!', 50000 ,1,5,1 ,TO_DATE('2019-10-12','YYYY-MM-DD'),TO_DATE('2019-10-25','YYYY-MM-DD'));





--================================選課明細  

INSERT INTO COURSE_LIST
VALUES(1001 , 'S001', 0 ,TO_DATE('2019-08-15','YYYY-MM-DD'));
INSERT INTO COURSE_LIST
VALUES(1001 , 'S002', 0 ,TO_DATE('2019-08-17','YYYY-MM-DD'));
INSERT INTO COURSE_LIST
VALUES(1001 , 'S003', 0 ,TO_DATE('2019-08-19','YYYY-MM-DD'));
INSERT INTO COURSE_LIST
VALUES(1001 , 'S004', 0 ,TO_DATE('2019-09-01','YYYY-MM-DD'));
INSERT INTO COURSE_LIST
VALUES(1001 , 'S005', 0 ,TO_DATE('2019-09-03','YYYY-MM-DD'));
INSERT INTO COURSE_LIST
VALUES(1002 , 'S006', 0 ,TO_DATE('2019-08-02','YYYY-MM-DD'));
INSERT INTO COURSE_LIST
VALUES(1002 , 'S007', 0 ,TO_DATE('2019-08-01','YYYY-MM-DD'));
INSERT INTO COURSE_LIST
VALUES(1002 , 'S008', 0 ,TO_DATE('2019-07-15','YYYY-MM-DD'));
INSERT INTO COURSE_LIST
VALUES(1003 , 'S001', 0 ,TO_DATE('2019-08-15','YYYY-MM-DD'));


--================================================值班  

INSERT INTO ON_DUTY VALUES(2001, '早車', '07:30-16:30');

INSERT INTO ON_DUTY VALUES(2002, '早班', '07:30-16:30');

INSERT INTO ON_DUTY VALUES(2003, '晚車', '08:30-17:30');

INSERT INTO ON_DUTY VALUES(2004, '晚班', '08:30-17:30');


DROP  SEQUENCE ON_DUTY_SEQ;
CREATE SEQUENCE ON_DUTY_SEQ
INCREMENT BY 1
START WITH 2005
NOMAXVALUE
NOCYCLE
NOCACHE;


--===============================================班表  
INSERT INTO TEACHER_SCHEDULE VALUES (1001, 'T002', 2001, TO_DATE('2019-09-10','YYYY-MM-DD'));
INSERT INTO TEACHER_SCHEDULE VALUES (1002, 'T003', 2002, TO_DATE('2019-09-10','YYYY-MM-DD'));
INSERT INTO TEACHER_SCHEDULE VALUES (1003, 'T004', 2003, TO_DATE('2019-09-10','YYYY-MM-DD'));
INSERT INTO TEACHER_SCHEDULE VALUES (1004, 'T005', 2004, TO_DATE('2019-09-10','YYYY-MM-DD'));

INSERT INTO TEACHER_SCHEDULE VALUES (1005, 'T003', 2001, TO_DATE('2019-09-11','YYYY-MM-DD'));
INSERT INTO TEACHER_SCHEDULE VALUES (1006, 'T004', 2002, TO_DATE('2019-09-11','YYYY-MM-DD'));
INSERT INTO TEACHER_SCHEDULE VALUES (1007, 'T005', 2003, TO_DATE('2019-09-11','YYYY-MM-DD'));
INSERT INTO TEACHER_SCHEDULE VALUES (1008, 'T006', 2004, TO_DATE('2019-09-11','YYYY-MM-DD'));

INSERT INTO TEACHER_SCHEDULE VALUES (1009, 'T004', 2001, TO_DATE('2019-09-12','YYYY-MM-DD'));
INSERT INTO TEACHER_SCHEDULE VALUES (1010, 'T005', 2002, TO_DATE('2019-09-12','YYYY-MM-DD'));
INSERT INTO TEACHER_SCHEDULE VALUES (1011, 'T006', 2003, TO_DATE('2019-09-12','YYYY-MM-DD'));
INSERT INTO TEACHER_SCHEDULE VALUES (1012, 'T007', 2004, TO_DATE('2019-09-12','YYYY-MM-DD'));

INSERT INTO TEACHER_SCHEDULE VALUES (1013, 'T005', 2001, TO_DATE('2019-09-13','YYYY-MM-DD'));
INSERT INTO TEACHER_SCHEDULE VALUES (1014, 'T006', 2002, TO_DATE('2019-09-13','YYYY-MM-DD'));
INSERT INTO TEACHER_SCHEDULE VALUES (1015, 'T007', 2003, TO_DATE('2019-09-13','YYYY-MM-DD'));
INSERT INTO TEACHER_SCHEDULE VALUES (1016, 'T002', 2004, TO_DATE('2019-09-13','YYYY-MM-DD'));

INSERT INTO TEACHER_SCHEDULE VALUES (1017, 'T006', 2001, TO_DATE('2019-09-14','YYYY-MM-DD'));
INSERT INTO TEACHER_SCHEDULE VALUES (1018, 'T007', 2002, TO_DATE('2019-09-14','YYYY-MM-DD'));
INSERT INTO TEACHER_SCHEDULE VALUES (1019, 'T002', 2003, TO_DATE('2019-09-14','YYYY-MM-DD'));
INSERT INTO TEACHER_SCHEDULE VALUES (1020, 'T003', 2004, TO_DATE('2019-09-14','YYYY-MM-DD'));

INSERT INTO TEACHER_SCHEDULE VALUES (1021, 'T007', 2001, TO_DATE('2019-09-15','YYYY-MM-DD'));
INSERT INTO TEACHER_SCHEDULE VALUES (1022, 'T002', 2002, TO_DATE('2019-09-15','YYYY-MM-DD'));
INSERT INTO TEACHER_SCHEDULE VALUES (1023, 'T003', 2003, TO_DATE('2019-09-15','YYYY-MM-DD'));
INSERT INTO TEACHER_SCHEDULE VALUES (1024, 'T004', 2004, TO_DATE('2019-09-15','YYYY-MM-DD'));

INSERT INTO TEACHER_SCHEDULE VALUES (1025, 'T002', 2001, TO_DATE('2019-09-16','YYYY-MM-DD'));
INSERT INTO TEACHER_SCHEDULE VALUES (1026, 'T003', 2002, TO_DATE('2019-09-16','YYYY-MM-DD'));
INSERT INTO TEACHER_SCHEDULE VALUES (1027, 'T004', 2003, TO_DATE('2019-09-16','YYYY-MM-DD'));
INSERT INTO TEACHER_SCHEDULE VALUES (1028, 'T005', 2004, TO_DATE('2019-09-16','YYYY-MM-DD'));

INSERT INTO TEACHER_SCHEDULE VALUES (1029, 'T003', 2001, TO_DATE('2019-09-17','YYYY-MM-DD'));
INSERT INTO TEACHER_SCHEDULE VALUES (1030, 'T004', 2002, TO_DATE('2019-09-17','YYYY-MM-DD'));
INSERT INTO TEACHER_SCHEDULE VALUES (1031, 'T005', 2003, TO_DATE('2019-09-17','YYYY-MM-DD'));
INSERT INTO TEACHER_SCHEDULE VALUES (1032, 'T006', 2004, TO_DATE('2019-09-17','YYYY-MM-DD'));

INSERT INTO TEACHER_SCHEDULE VALUES (1033, 'T004', 2001, TO_DATE('2019-09-18','YYYY-MM-DD'));
INSERT INTO TEACHER_SCHEDULE VALUES (1034, 'T005', 2002, TO_DATE('2019-09-18','YYYY-MM-DD'));
INSERT INTO TEACHER_SCHEDULE VALUES (1035, 'T006', 2003, TO_DATE('2019-09-18','YYYY-MM-DD'));
INSERT INTO TEACHER_SCHEDULE VALUES (1036, 'T007', 2004, TO_DATE('2019-09-18','YYYY-MM-DD'));

INSERT INTO TEACHER_SCHEDULE VALUES (1037, 'T005', 2001, TO_DATE('2019-09-19','YYYY-MM-DD'));
INSERT INTO TEACHER_SCHEDULE VALUES (1038, 'T006', 2002, TO_DATE('2019-09-19','YYYY-MM-DD'));
INSERT INTO TEACHER_SCHEDULE VALUES (1039, 'T007', 2003, TO_DATE('2019-09-19','YYYY-MM-DD'));
INSERT INTO TEACHER_SCHEDULE VALUES (1040, 'T002', 2004, TO_DATE('2019-09-19','YYYY-MM-DD'));

INSERT INTO TEACHER_SCHEDULE VALUES (1041, 'T002', 2001, TO_DATE('2019-07-05','YYYY-MM-DD'));
INSERT INTO TEACHER_SCHEDULE VALUES (1042, 'T006', 2002, TO_DATE('2019-07-15','YYYY-MM-DD'));
INSERT INTO TEACHER_SCHEDULE VALUES (1043, 'T004', 2003, TO_DATE('2019-08-20','YYYY-MM-DD'));
INSERT INTO TEACHER_SCHEDULE VALUES (1044, 'T002', 2004, TO_DATE('2019-08-13','YYYY-MM-DD'));
INSERT INTO TEACHER_SCHEDULE VALUES (1045, 'T003', 2001, TO_DATE('2019-08-23','YYYY-MM-DD'));
INSERT INTO TEACHER_SCHEDULE VALUES (1046, 'T002', 2004, TO_DATE('2019-08-23','YYYY-MM-DD'));
INSERT INTO TEACHER_SCHEDULE VALUES (1047, 'T004', 2003, TO_DATE('2019-08-27','YYYY-MM-DD'));
INSERT INTO TEACHER_SCHEDULE VALUES (1048, 'T002', 2001, TO_DATE('2019-10-03','YYYY-MM-DD'));
INSERT INTO TEACHER_SCHEDULE VALUES (1049, 'T005', 2002, TO_DATE('2019-10-05','YYYY-MM-DD'));
INSERT INTO TEACHER_SCHEDULE VALUES (1050, 'T006', 2003, TO_DATE('2019-10-05','YYYY-MM-DD'));
INSERT INTO TEACHER_SCHEDULE VALUES (1051, 'T003', 2001, TO_DATE('2019-10-05','YYYY-MM-DD'));
INSERT INTO TEACHER_SCHEDULE VALUES (1052, 'T007', 2001, TO_DATE('2019-10-11','YYYY-MM-DD'));
INSERT INTO TEACHER_SCHEDULE VALUES (1053, 'T002', 2002, TO_DATE('2019-10-11','YYYY-MM-DD'));
INSERT INTO TEACHER_SCHEDULE VALUES (1054, 'T008', 2003, TO_DATE('2019-10-14','YYYY-MM-DD'));


DROP SEQUENCE TEACHER_SCHEDULE_SEQ;
CREATE SEQUENCE TEACHER_SCHEDULE_SEQ
INCREMENT BY 1
START WITH 1055
NOMAXVALUE
NOCYCLE
NOCACHE;


--==================================================聯絡簿 
Drop Sequence comm_seq;
CREATE SEQUENCE comm_seq
INCREMENT BY 1
START WITH 1001
NOMAXVALUE
NOCYCLE
NOCACHE;
 
Insert into COMMUNICATION_BOOK (COMM_ID, ST_NUM, T_NUM, COMM_DATE, COMM_T_MSG, COMM_RES, COMM_P_MSG) values (comm_seq.NEXTVAL, 'S001', 'T002', TO_DATE('2019-09-16','YYYY-MM-DD'), '將進行小廚師活動，明日請準備吐司兩片。', '寶貝今天午睡尿褲子，已將汙衣放入書包內。', '辛苦老師，書包已放入乾淨衣物一套。');
Insert into COMMUNICATION_BOOK (COMM_ID, ST_NUM, T_NUM, COMM_DATE, COMM_T_MSG, COMM_RES, COMM_P_MSG) values (comm_seq.NEXTVAL, 'S002', 'T002', TO_DATE('2019-09-16','YYYY-MM-DD'), '將進行小廚師活動，明日請準備吐司兩片。', '寶貝上課踴躍發言，進步很多。', '謝謝老師');
Insert into COMMUNICATION_BOOK (COMM_ID, ST_NUM, T_NUM, COMM_DATE, COMM_T_MSG, COMM_RES, COMM_P_MSG) values (comm_seq.NEXTVAL, 'S003', 'T002', TO_DATE('2019-09-16','YYYY-MM-DD'), '將進行小廚師活動，明日請準備吐司兩片。', '目前上學狀況適應良好，請家長多多鼓勵寶貝。', '孩子有告訴我和爸爸說他喜歡上學喔!');
Insert into COMMUNICATION_BOOK (COMM_ID, ST_NUM, T_NUM, COMM_DATE, COMM_T_MSG, COMM_RES, COMM_P_MSG) values (comm_seq.NEXTVAL, 'S004', 'T002', TO_DATE('2019-09-16','YYYY-MM-DD'), '將進行小廚師活動，明日請準備吐司兩片。', '寶貝在校會主動幫助同學，老師覺得很棒喔!', '明天9:30奶奶會送吐司去學校。');
Insert into COMMUNICATION_BOOK (COMM_ID, ST_NUM, T_NUM, COMM_DATE, COMM_T_MSG, COMM_RES, COMM_P_MSG) values (comm_seq.NEXTVAL, 'S005', 'T002', TO_DATE('2019-09-16','YYYY-MM-DD'), '將進行小廚師活動，明日請準備吐司兩片。', '請幫寶貝準備牙刷、牙膏及漱口杯。', '好的，謝謝老師提醒。');
Insert into COMMUNICATION_BOOK (COMM_ID, ST_NUM, T_NUM, COMM_DATE, COMM_T_MSG, COMM_RES, COMM_P_MSG) values (comm_seq.NEXTVAL, 'S007', 'T002', TO_DATE('2019-09-16','YYYY-MM-DD'), '將進行小廚師活動，明日請準備吐司兩片。', '寶貝今天午睡尿褲子，已將汙衣放入書包內。', '辛苦老師，書包已放入乾淨衣物一套。');
Insert into COMMUNICATION_BOOK (COMM_ID, ST_NUM, T_NUM, COMM_DATE, COMM_T_MSG, COMM_RES, COMM_P_MSG) values (comm_seq.NEXTVAL, 'S010', 'T002', TO_DATE('2019-09-16','YYYY-MM-DD'), '將進行小廚師活動，明日請準備吐司兩片。', '目前上學狀況適應良好，請家長多多鼓勵寶貝。', '孩子有告訴我和爸爸說他喜歡上學喔!');
Insert into COMMUNICATION_BOOK (COMM_ID, ST_NUM, T_NUM, COMM_DATE, COMM_T_MSG, COMM_RES, COMM_P_MSG) values (comm_seq.NEXTVAL, 'S001', 'T002', TO_DATE('2019-09-17','YYYY-MM-DD'), '發下小廚師學習單，請家長陪伴幼兒完成。', '已將衣物放置工作櫃。', '謝謝老師');
Insert into COMMUNICATION_BOOK (COMM_ID, ST_NUM, T_NUM, COMM_DATE, COMM_T_MSG, COMM_RES, COMM_P_MSG) values (comm_seq.NEXTVAL, 'S002', 'T002', TO_DATE('2019-09-17','YYYY-MM-DD'), '發下小廚師學習單，請家長陪伴幼兒完成。', null, '學習單被弟弟撕破，可以再跟老師拿一張嗎?');
Insert into COMMUNICATION_BOOK (COMM_ID, ST_NUM, T_NUM, COMM_DATE, COMM_T_MSG, COMM_RES, COMM_P_MSG) values (comm_seq.NEXTVAL, 'S003', 'T002', TO_DATE('2019-09-17','YYYY-MM-DD'), '發下小廚師學習單，請家長陪伴幼兒完成。', '寶貝今日在校跌倒，膝蓋小擦傷，已幫寶貝擦藥，請家長回家記得換藥。', '寶貝有說自己走路太快跌倒，謝謝老師的用心。');
Insert into COMMUNICATION_BOOK (COMM_ID, ST_NUM, T_NUM, COMM_DATE, COMM_T_MSG, COMM_RES, COMM_P_MSG) values (comm_seq.NEXTVAL, 'S004', 'T002', TO_DATE('2019-09-17','YYYY-MM-DD'), '發下小廚師學習單，請家長陪伴幼兒完成。', null, '學習單是爸爸、媽媽陪寶貝一起完成的。');
Insert into COMMUNICATION_BOOK (COMM_ID, ST_NUM, T_NUM, COMM_DATE, COMM_T_MSG, COMM_RES, COMM_P_MSG) values (comm_seq.NEXTVAL, 'S005', 'T002', TO_DATE('2019-09-17','YYYY-MM-DD'), '發下小廚師學習單，請家長陪伴幼兒完成。', '已收到盥洗用具，感謝家長配合。', '謝謝老師');
Insert into COMMUNICATION_BOOK (COMM_ID, ST_NUM, T_NUM, COMM_DATE, COMM_T_MSG, COMM_RES, COMM_P_MSG) values (comm_seq.NEXTVAL, 'S007', 'T002', TO_DATE('2019-09-17','YYYY-MM-DD'), '發下小廚師學習單，請家長陪伴幼兒完成。', '已將衣物放置工作櫃。', '謝謝老師');
Insert into COMMUNICATION_BOOK (COMM_ID, ST_NUM, T_NUM, COMM_DATE, COMM_T_MSG, COMM_RES, COMM_P_MSG) values (comm_seq.NEXTVAL, 'S010', 'T002', TO_DATE('2019-09-17','YYYY-MM-DD'), '發下小廚師學習單，請家長陪伴幼兒完成。', '寶貝今日在校跌倒，膝蓋小擦傷，已幫寶貝擦藥，請家長回家記得換藥。', '寶貝有說自己走路太快跌倒，謝謝老師的用心。');
Insert into COMMUNICATION_BOOK (COMM_ID, ST_NUM, T_NUM, COMM_DATE, COMM_T_MSG, COMM_RES, COMM_P_MSG) values (comm_seq.NEXTVAL, 'S001', 'T002', TO_DATE('2019-09-18','YYYY-MM-DD'), '今日進行服務生端盤子比賽，寶貝們玩的很開心。', '寶貝在活動中，會主動幫自己的隊友加油，很棒!', '寶貝說學校好好玩，每天都要去上學。');
Insert into COMMUNICATION_BOOK (COMM_ID, ST_NUM, T_NUM, COMM_DATE, COMM_T_MSG, COMM_RES, COMM_P_MSG) values (comm_seq.NEXTVAL, 'S002', 'T002', TO_DATE('2019-09-18','YYYY-MM-DD'), '今日進行服務生端盤子比賽，寶貝們玩的很開心。', '已將學習單放置資料夾囉!', '已將學習單完成放回資料夾內，謝謝老師。');
Insert into COMMUNICATION_BOOK (COMM_ID, ST_NUM, T_NUM, COMM_DATE, COMM_T_MSG, COMM_RES, COMM_P_MSG) values (comm_seq.NEXTVAL, 'S003', 'T002', TO_DATE('2019-09-18','YYYY-MM-DD'), '今日進行服務生端盤子比賽，寶貝們玩的很開心。', null, '寶貝今天回家吃飯過程中，累到睡著了，超好笑。');
Insert into COMMUNICATION_BOOK (COMM_ID, ST_NUM, T_NUM, COMM_DATE, COMM_T_MSG, COMM_RES, COMM_P_MSG) values (comm_seq.NEXTVAL, 'S004', 'T002', TO_DATE('2019-09-18','YYYY-MM-DD'), '今日進行服務生端盤子比賽，寶貝們玩的很開心。', '感謝爸爸、媽媽的用心。', '謝謝老師');
Insert into COMMUNICATION_BOOK (COMM_ID, ST_NUM, T_NUM, COMM_DATE, COMM_T_MSG, COMM_RES, COMM_P_MSG) values (comm_seq.NEXTVAL, 'S005', 'T002', TO_DATE('2019-09-18','YYYY-MM-DD'), '今日進行服務生端盤子比賽，寶貝們玩的很開心。', '活動結束主動幫忙收拾，很棒!', '寶貝上學後，在家也會主動幫忙媽媽，上學後真的變乖。');
Insert into COMMUNICATION_BOOK (COMM_ID, ST_NUM, T_NUM, COMM_DATE, COMM_T_MSG, COMM_RES, COMM_P_MSG) values (comm_seq.NEXTVAL, 'S007', 'T002', TO_DATE('2019-09-18','YYYY-MM-DD'), '今日進行服務生端盤子比賽，寶貝們玩的很開心。', '寶貝在活動中，會主動幫自己的隊友加油，很棒!', '寶貝說學校好好玩，每天都要去上學。');
Insert into COMMUNICATION_BOOK (COMM_ID, ST_NUM, T_NUM, COMM_DATE, COMM_T_MSG, COMM_RES, COMM_P_MSG) values (comm_seq.NEXTVAL, 'S010', 'T002', TO_DATE('2019-09-18','YYYY-MM-DD'), '今日進行服務生端盤子比賽，寶貝們玩的很開心。', null, '寶貝今天回家吃飯過程中，累到睡著了，超好笑。');
Insert into COMMUNICATION_BOOK (COMM_ID, ST_NUM, T_NUM, COMM_DATE, COMM_T_MSG, COMM_RES, COMM_P_MSG) values (comm_seq.NEXTVAL, 'S001', 'T002', TO_DATE('2019-09-19','YYYY-MM-DD'), '明天請穿運動服、布鞋。', null, '寶貝很期待明天的體能活動。');
Insert into COMMUNICATION_BOOK (COMM_ID, ST_NUM, T_NUM, COMM_DATE, COMM_T_MSG, COMM_RES, COMM_P_MSG) values (comm_seq.NEXTVAL, 'S002', 'T002', TO_DATE('2019-09-19','YYYY-MM-DD'), '明天請穿運動服、布鞋。', null, '請問明天活動會有照片嗎?');
Insert into COMMUNICATION_BOOK (COMM_ID, ST_NUM, T_NUM, COMM_DATE, COMM_T_MSG, COMM_RES, COMM_P_MSG) values (comm_seq.NEXTVAL, 'S003', 'T002', TO_DATE('2019-09-19','YYYY-MM-DD'), '明天請穿運動服、布鞋。', '寶貝也太可愛了吧!', '回到家馬上告訴我和爸爸要穿布鞋和運動服，不可以穿涼鞋。');
Insert into COMMUNICATION_BOOK (COMM_ID, ST_NUM, T_NUM, COMM_DATE, COMM_T_MSG, COMM_RES, COMM_P_MSG) values (comm_seq.NEXTVAL, 'S004', 'T002', TO_DATE('2019-09-19','YYYY-MM-DD'), '明天請穿運動服、布鞋。', null, '謝謝老師提醒。');
Insert into COMMUNICATION_BOOK (COMM_ID, ST_NUM, T_NUM, COMM_DATE, COMM_T_MSG, COMM_RES, COMM_P_MSG) values (comm_seq.NEXTVAL, 'S005', 'T002', TO_DATE('2019-09-19','YYYY-MM-DD'), '明天請穿運動服、布鞋。', '感謝家長配合，讓我們一起努力讓寶貝越來越棒!', '謝謝老師');
Insert into COMMUNICATION_BOOK (COMM_ID, ST_NUM, T_NUM, COMM_DATE, COMM_T_MSG, COMM_RES, COMM_P_MSG) values (comm_seq.NEXTVAL, 'S007', 'T002', TO_DATE('2019-09-19','YYYY-MM-DD'), '明天請穿運動服、布鞋。', null, '寶貝很期待明天的體能活動。');
Insert into COMMUNICATION_BOOK (COMM_ID, ST_NUM, T_NUM, COMM_DATE, COMM_T_MSG, COMM_RES, COMM_P_MSG) values (comm_seq.NEXTVAL, 'S010', 'T002', TO_DATE('2019-09-19','YYYY-MM-DD'), '明天請穿運動服、布鞋。', '寶貝也太可愛了吧!', '回到家馬上告訴我和爸爸要穿布鞋和運動服，不可以穿涼鞋。');
Insert into COMMUNICATION_BOOK (COMM_ID, ST_NUM, T_NUM, COMM_DATE, COMM_T_MSG, COMM_RES, COMM_P_MSG) values (comm_seq.NEXTVAL, 'S001', 'T002', TO_DATE('2019-09-20','YYYY-MM-DD'), '今天發回睡袋，請回家清洗。', null, '在家吃完飯後，寶貝會說要幫忙擦桌子，感謝老師的教導。');
Insert into COMMUNICATION_BOOK (COMM_ID, ST_NUM, T_NUM, COMM_DATE, COMM_T_MSG, COMM_RES, COMM_P_MSG) values (comm_seq.NEXTVAL, 'S002', 'T002', TO_DATE('2019-09-20','YYYY-MM-DD'), '今天發回睡袋，請回家清洗。', '照片老師整理過後，會放置幼兒園網站上。', '謝謝老師');
Insert into COMMUNICATION_BOOK (COMM_ID, ST_NUM, T_NUM, COMM_DATE, COMM_T_MSG, COMM_RES, COMM_P_MSG) values (comm_seq.NEXTVAL, 'S003', 'T002', TO_DATE('2019-09-20','YYYY-MM-DD'), '今天發回睡袋，請回家清洗。', '很棒喔!', '謝謝老師');
Insert into COMMUNICATION_BOOK (COMM_ID, ST_NUM, T_NUM, COMM_DATE, COMM_T_MSG, COMM_RES, COMM_P_MSG) values (comm_seq.NEXTVAL, 'S004', 'T002', TO_DATE('2019-09-20','YYYY-MM-DD'), '今天發回睡袋，請回家清洗。', null, '睡袋已清洗完畢。');
Insert into COMMUNICATION_BOOK (COMM_ID, ST_NUM, T_NUM, COMM_DATE, COMM_T_MSG, COMM_RES, COMM_P_MSG) values (comm_seq.NEXTVAL, 'S005', 'T002', TO_DATE('2019-09-20','YYYY-MM-DD'), '今天發回睡袋，請回家清洗。', '書包內有一串鑰匙，請家長協助放置家中。', '抱歉，謝謝老師提醒。');
Insert into COMMUNICATION_BOOK (COMM_ID, ST_NUM, T_NUM, COMM_DATE, COMM_T_MSG, COMM_RES, COMM_P_MSG) values (comm_seq.NEXTVAL, 'S007', 'T002', TO_DATE('2019-09-20','YYYY-MM-DD'), '今天發回睡袋，請回家清洗。', null, '在家吃完飯後，寶貝會說要幫忙擦桌子，感謝老師的教導。');
Insert into COMMUNICATION_BOOK (COMM_ID, ST_NUM, T_NUM, COMM_DATE, COMM_T_MSG, COMM_RES, COMM_P_MSG) values (comm_seq.NEXTVAL, 'S010', 'T002', TO_DATE('2019-09-20','YYYY-MM-DD'), '今天發回睡袋，請回家清洗。', '很棒喔!', '謝謝老師');
Insert into COMMUNICATION_BOOK (COMM_ID, ST_NUM, T_NUM, COMM_DATE, COMM_T_MSG, COMM_RES, COMM_P_MSG) values (comm_seq.NEXTVAL, 'S001', 'T002', TO_DATE('2019-09-23','YYYY-MM-DD'), '本週四要去戶外野餐，請家長協助提供野餐墊。', '棒棒!', '謝謝老師');
Insert into COMMUNICATION_BOOK (COMM_ID, ST_NUM, T_NUM, COMM_DATE, COMM_T_MSG, COMM_RES, COMM_P_MSG) values (comm_seq.NEXTVAL, 'S002', 'T002', TO_DATE('2019-09-23','YYYY-MM-DD'), '本週四要去戶外野餐，請家長協助提供野餐墊。', '書包內發現家中的玩具，已提醒寶貝不可將玩具帶至學校。', '謝謝老師，已告誡孩子玩具不可以帶去學校。');
Insert into COMMUNICATION_BOOK (COMM_ID, ST_NUM, T_NUM, COMM_DATE, COMM_T_MSG, COMM_RES, COMM_P_MSG) values (comm_seq.NEXTVAL, 'S003', 'T002', TO_DATE('2019-09-23','YYYY-MM-DD'), '本週四要去戶外野餐，請家長協助提供野餐墊。', '寶貝午餐食慾不佳，請家長多多留意。', '最近孩子生病，在家也是這樣，謝謝老師關心。');
Insert into COMMUNICATION_BOOK (COMM_ID, ST_NUM, T_NUM, COMM_DATE, COMM_T_MSG, COMM_RES, COMM_P_MSG) values (comm_seq.NEXTVAL, 'S004', 'T002', TO_DATE('2019-09-23','YYYY-MM-DD'), '本週四要去戶外野餐，請家長協助提供野餐墊。', null, '謝謝老師');
Insert into COMMUNICATION_BOOK (COMM_ID, ST_NUM, T_NUM, COMM_DATE, COMM_T_MSG, COMM_RES, COMM_P_MSG) values (comm_seq.NEXTVAL, 'S005', 'T002', TO_DATE('2019-09-23','YYYY-MM-DD'), '本週四要去戶外野餐，請家長協助提供野餐墊。', null, '謝謝老師');
Insert into COMMUNICATION_BOOK (COMM_ID, ST_NUM, T_NUM, COMM_DATE, COMM_T_MSG, COMM_RES, COMM_P_MSG) values (comm_seq.NEXTVAL, 'S007', 'T002', TO_DATE('2019-09-23','YYYY-MM-DD'), '本週四要去戶外野餐，請家長協助提供野餐墊。', '棒棒!', '謝謝老師');
Insert into COMMUNICATION_BOOK (COMM_ID, ST_NUM, T_NUM, COMM_DATE, COMM_T_MSG, COMM_RES, COMM_P_MSG) values (comm_seq.NEXTVAL, 'S010', 'T002', TO_DATE('2019-09-23','YYYY-MM-DD'), '本週四要去戶外野餐，請家長協助提供野餐墊。', '寶貝午餐食慾不佳，請家長多多留意。', '最近孩子生病，在家也是這樣，謝謝老師關心。');
Insert into COMMUNICATION_BOOK (COMM_ID, ST_NUM, T_NUM, COMM_DATE, COMM_T_MSG, COMM_RES, COMM_P_MSG) values (comm_seq.NEXTVAL, 'S001', 'T002', TO_DATE('2019-09-24','YYYY-MM-DD'), '透過今日課程，孩子們了解戶外野餐該注意的事項及用餐禮儀。', '手帕已裝入袋子中，請家長協助清洗。', '謝謝老師');
Insert into COMMUNICATION_BOOK (COMM_ID, ST_NUM, T_NUM, COMM_DATE, COMM_T_MSG, COMM_RES, COMM_P_MSG) values (comm_seq.NEXTVAL, 'S002', 'T002', TO_DATE('2019-09-24','YYYY-MM-DD'), '透過今日課程，孩子們了解戶外野餐該注意的事項及用餐禮儀。', '感謝家長配合。', '請問戶外野餐家長可否陪同?');
Insert into COMMUNICATION_BOOK (COMM_ID, ST_NUM, T_NUM, COMM_DATE, COMM_T_MSG, COMM_RES, COMM_P_MSG) values (comm_seq.NEXTVAL, 'S003', 'T002', TO_DATE('2019-09-24','YYYY-MM-DD'), '透過今日課程，孩子們了解戶外野餐該注意的事項及用餐禮儀。', '老師在校會多注意寶貝狀況，請家長放心。', '週四活動我會看孩子狀況，如果身體尚未恢復，週四可能會請假。');
Insert into COMMUNICATION_BOOK (COMM_ID, ST_NUM, T_NUM, COMM_DATE, COMM_T_MSG, COMM_RES, COMM_P_MSG) values (comm_seq.NEXTVAL, 'S004', 'T002', TO_DATE('2019-09-24','YYYY-MM-DD'), '透過今日課程，孩子們了解戶外野餐該注意的事項及用餐禮儀。', '感謝家長提供扇子。', '如有學校有需要其他用品，我們可以提供喔!');
Insert into COMMUNICATION_BOOK (COMM_ID, ST_NUM, T_NUM, COMM_DATE, COMM_T_MSG, COMM_RES, COMM_P_MSG) values (comm_seq.NEXTVAL, 'S005', 'T002', TO_DATE('2019-09-24','YYYY-MM-DD'), '透過今日課程，孩子們了解戶外野餐該注意的事項及用餐禮儀。', '感謝家長提供野餐墊。', '老師辛苦了!');
Insert into COMMUNICATION_BOOK (COMM_ID, ST_NUM, T_NUM, COMM_DATE, COMM_T_MSG, COMM_RES, COMM_P_MSG) values (comm_seq.NEXTVAL, 'S007', 'T002', TO_DATE('2019-09-24','YYYY-MM-DD'), '透過今日課程，孩子們了解戶外野餐該注意的事項及用餐禮儀。', '手帕已裝入袋子中，請家長協助清洗。', '謝謝老師');
Insert into COMMUNICATION_BOOK (COMM_ID, ST_NUM, T_NUM, COMM_DATE, COMM_T_MSG, COMM_RES, COMM_P_MSG) values (comm_seq.NEXTVAL, 'S010', 'T002', TO_DATE('2019-09-24','YYYY-MM-DD'), '透過今日課程，孩子們了解戶外野餐該注意的事項及用餐禮儀。', '老師在校會多注意寶貝狀況，請家長放心。', '週四活動我會看孩子狀況，如果身體尚未恢復，週四可能會請假。');
Insert into COMMUNICATION_BOOK (COMM_ID, ST_NUM, T_NUM, COMM_DATE, COMM_T_MSG, COMM_RES, COMM_P_MSG) values (comm_seq.NEXTVAL, 'S001', 'T002', TO_DATE('2019-09-25','YYYY-MM-DD'), '明天請穿著運動服、布鞋。', null, '寶貝很期待明天的活動，期待寶貝與我們分享過程喔!');
Insert into COMMUNICATION_BOOK (COMM_ID, ST_NUM, T_NUM, COMM_DATE, COMM_T_MSG, COMM_RES, COMM_P_MSG) values (comm_seq.NEXTVAL, 'S002', 'T002', TO_DATE('2019-09-25','YYYY-MM-DD'), '明天請穿著運動服、布鞋。', '可以，請家長們於10點於中央大學後門集合。', '謝謝老師。');
Insert into COMMUNICATION_BOOK (COMM_ID, ST_NUM, T_NUM, COMM_DATE, COMM_T_MSG, COMM_RES, COMM_P_MSG) values (comm_seq.NEXTVAL, 'S003', 'T002', TO_DATE('2019-09-25','YYYY-MM-DD'), '明天請穿著運動服、布鞋。', '好的，謝謝家長配合。', '今晚觀察過孩子狀況，明天可到校參與活動，麻煩老師多多照顧。');
Insert into COMMUNICATION_BOOK (COMM_ID, ST_NUM, T_NUM, COMM_DATE, COMM_T_MSG, COMM_RES, COMM_P_MSG) values (comm_seq.NEXTVAL, 'S004', 'T002', TO_DATE('2019-09-25','YYYY-MM-DD'), '明天請穿著運動服、布鞋。', '感謝家長的配合。', '明天我和爸爸也會前往喔!');
Insert into COMMUNICATION_BOOK (COMM_ID, ST_NUM, T_NUM, COMM_DATE, COMM_T_MSG, COMM_RES, COMM_P_MSG) values (comm_seq.NEXTVAL, 'S005', 'T002', TO_DATE('2019-09-25','YYYY-MM-DD'), '明天請穿著運動服、布鞋。', null, '老師辛苦了!');
Insert into COMMUNICATION_BOOK (COMM_ID, ST_NUM, T_NUM, COMM_DATE, COMM_T_MSG, COMM_RES, COMM_P_MSG) values (comm_seq.NEXTVAL, 'S007', 'T002', TO_DATE('2019-09-25','YYYY-MM-DD'), '明天請穿著運動服、布鞋。', null, '寶貝很期待明天的活動，期待寶貝與我們分享過程喔!');
Insert into COMMUNICATION_BOOK (COMM_ID, ST_NUM, T_NUM, COMM_DATE, COMM_T_MSG, COMM_RES, COMM_P_MSG) values (comm_seq.NEXTVAL, 'S010', 'T002', TO_DATE('2019-09-25','YYYY-MM-DD'), '明天請穿著運動服、布鞋。', '好的，謝謝家長配合。', '今晚觀察過孩子狀況，明天可到校參與活動，麻煩老師多多照顧。');




--=========================================================教職員假單  
Drop Sequence tleave_seq;
CREATE SEQUENCE tleave_seq
INCREMENT BY 1
START WITH 1001
NOMAXVALUE
NOCYCLE
NOCACHE;


Insert into TEACHER_LEAVE (TL_ID, T_NUM, TL_SDATE, TL_EDATE, TL_TYPE, TL_REASON,  TL_STATUS, TL_APP_DATE) values (tleave_seq.NEXTVAL, 'T006', TO_DATE('2019-08-20','YYYY-MM-DD'), TO_DATE('2019-08-23','YYYY-MM-DD'), '3', '結婚', '1', TO_DATE('2019-08-01','YYYY-MM-DD'));
Insert into TEACHER_LEAVE (TL_ID, T_NUM, TL_SDATE, TL_EDATE, TL_TYPE, TL_REASON,  TL_STATUS, TL_APP_DATE) values (tleave_seq.NEXTVAL, 'T003', TO_DATE('2019-08-07','YYYY-MM-DD'), TO_DATE('2019-08-07','YYYY-MM-DD'), '1', '參加Peter哥在206教室上Hibernate的演唱會', '1', TO_DATE('2019-08-07','YYYY-MM-DD'));
Insert into TEACHER_LEAVE (TL_ID, T_NUM, TL_SDATE, TL_EDATE, TL_TYPE, TL_REASON,  TL_STATUS, TL_APP_DATE) values (tleave_seq.NEXTVAL, 'T003', TO_DATE('2019-08-08','YYYY-MM-DD'), TO_DATE('2019-08-08','YYYY-MM-DD'), '1', '參加演唱會安可場', '1', TO_DATE('2019-08-08','YYYY-MM-DD'));
Insert into TEACHER_LEAVE (TL_ID, T_NUM, TL_SDATE, TL_EDATE, TL_TYPE, TL_REASON,  TL_STATUS, TL_APP_DATE) values (tleave_seq.NEXTVAL, 'T004', TO_DATE('2019-08-12','YYYY-MM-DD'), TO_DATE('2019-08-13','YYYY-MM-DD'), '3', '就是想休假', '2', TO_DATE('2019-08-08','YYYY-MM-DD'));
Insert into TEACHER_LEAVE (TL_ID, T_NUM, TL_SDATE, TL_EDATE, TL_TYPE, TL_REASON,  TL_STATUS, TL_APP_DATE) values (tleave_seq.NEXTVAL, 'T002', TO_DATE('2019-08-16','YYYY-MM-DD'), TO_DATE('2019-08-16','YYYY-MM-DD'), '0', '腸胃炎', '1', TO_DATE('2019-08-16','YYYY-MM-DD'));
Insert into TEACHER_LEAVE (TL_ID, T_NUM, TL_SDATE, TL_EDATE, TL_TYPE, TL_REASON,  TL_STATUS, TL_APP_DATE) values (tleave_seq.NEXTVAL, 'T005', TO_DATE('2019-08-29','YYYY-MM-DD'), TO_DATE('2019-08-29','YYYY-MM-DD'), '1', '回南部處理事務', '1', TO_DATE('2019-08-26','YYYY-MM-DD'));
Insert into TEACHER_LEAVE (TL_ID, T_NUM, TL_SDATE, TL_EDATE, TL_TYPE, TL_REASON,  TL_STATUS, TL_APP_DATE) values (tleave_seq.NEXTVAL, 'T004', TO_DATE('2019-09-03','YYYY-MM-DD'), TO_DATE('2019-09-03','YYYY-MM-DD'), '1', '牽新車', '2', TO_DATE('2019-09-02','YYYY-MM-DD'));
Insert into TEACHER_LEAVE (TL_ID, T_NUM, TL_SDATE, TL_EDATE, TL_TYPE, TL_REASON,  TL_STATUS, TL_APP_DATE) values (tleave_seq.NEXTVAL, 'T002', TO_DATE('2019-09-10','YYYY-MM-DD'), TO_DATE('2019-09-20','YYYY-MM-DD'), '3', '資策會進修', '1', TO_DATE('2019-09-06','YYYY-MM-DD'));
Insert into TEACHER_LEAVE (TL_ID, T_NUM, TL_SDATE, TL_EDATE, TL_TYPE, TL_REASON,  TL_STATUS, TL_APP_DATE) values (tleave_seq.NEXTVAL, 'T005', TO_DATE('2019-09-17','YYYY-MM-DD'), TO_DATE('2019-09-17','YYYY-MM-DD'), '1', '家中有事', '1', TO_DATE('2019-09-16','YYYY-MM-DD'));
Insert into TEACHER_LEAVE (TL_ID, T_NUM, TL_SDATE, TL_EDATE, TL_TYPE, TL_REASON,  TL_STATUS, TL_APP_DATE) values (tleave_seq.NEXTVAL, 'T002', TO_DATE('2019-09-18','YYYY-MM-DD'), TO_DATE('2019-09-18','YYYY-MM-DD'), '1', '去海邊吹風', '2', TO_DATE('2019-09-18','YYYY-MM-DD'));
Insert into TEACHER_LEAVE (TL_ID, T_NUM, TL_SDATE, TL_EDATE, TL_TYPE, TL_REASON,  TL_STATUS, TL_APP_DATE) values (tleave_seq.NEXTVAL, 'T002', TO_DATE('2019-09-27','YYYY-MM-DD'), TO_DATE('2019-09-27','YYYY-MM-DD'), '1', '出國', '0', TO_DATE('2019-09-23','YYYY-MM-DD'));


--======================================================代課老師   
Drop Sequence sub_seq;
 CREATE SEQUENCE sub_seq
 INCREMENT BY 1
 START WITH 1001
 NOMAXVALUE
 NOCYCLE
 NOCACHE;


Insert into SUBSTITUTE (SUB_NUM, CS_NUM, T_NUM, SUB_SDATE, SUB_EDATE) values (sub_seq.NEXTVAL, 'C001', 'T008', TO_DATE('2019-08-20','YYYY-MM-DD'), TO_DATE('2019-08-23','YYYY-MM-DD'));
Insert into SUBSTITUTE (SUB_NUM, CS_NUM, T_NUM, SUB_SDATE, SUB_EDATE) values (sub_seq.NEXTVAL, 'C002', 'T009', TO_DATE('2019-08-07','YYYY-MM-DD'), TO_DATE('2019-08-07','YYYY-MM-DD'));
Insert into SUBSTITUTE (SUB_NUM, CS_NUM, T_NUM, SUB_SDATE, SUB_EDATE) values (sub_seq.NEXTVAL, 'C002', 'T010', TO_DATE('2019-08-08','YYYY-MM-DD'), TO_DATE('2019-08-08','YYYY-MM-DD'));
Insert into SUBSTITUTE (SUB_NUM, CS_NUM, T_NUM, SUB_SDATE, SUB_EDATE) values (sub_seq.NEXTVAL, 'C003', 'T008', TO_DATE('2019-08-12','YYYY-MM-DD'), TO_DATE('2019-08-13','YYYY-MM-DD'));
Insert into SUBSTITUTE (SUB_NUM, CS_NUM, T_NUM, SUB_SDATE, SUB_EDATE) values (sub_seq.NEXTVAL, 'C002', 'T009', TO_DATE('2019-08-16','YYYY-MM-DD'), TO_DATE('2019-08-16','YYYY-MM-DD'));
Insert into SUBSTITUTE (SUB_NUM, CS_NUM, T_NUM, SUB_SDATE, SUB_EDATE) values (sub_seq.NEXTVAL, 'C001', 'T010', TO_DATE('2019-08-29','YYYY-MM-DD'), TO_DATE('2019-08-29','YYYY-MM-DD'));
Insert into SUBSTITUTE (SUB_NUM, CS_NUM, T_NUM, SUB_SDATE, SUB_EDATE) values (sub_seq.NEXTVAL, 'C003', 'T008', TO_DATE('2019-09-03','YYYY-MM-DD'), TO_DATE('2019-09-03','YYYY-MM-DD'));
Insert into SUBSTITUTE (SUB_NUM, CS_NUM, T_NUM, SUB_SDATE, SUB_EDATE) values (sub_seq.NEXTVAL, 'C002', 'T009', TO_DATE('2019-09-10','YYYY-MM-DD'), TO_DATE('2019-09-20','YYYY-MM-DD'));
Insert into SUBSTITUTE (SUB_NUM, CS_NUM, T_NUM, SUB_SDATE, SUB_EDATE) values (sub_seq.NEXTVAL, 'C001', 'T010', TO_DATE('2019-09-17','YYYY-MM-DD'), TO_DATE('2019-09-17','YYYY-MM-DD'));
Insert into SUBSTITUTE (SUB_NUM, CS_NUM, T_NUM, SUB_SDATE, SUB_EDATE) values (sub_seq.NEXTVAL, 'C002', 'T008', TO_DATE('2019-09-27','YYYY-MM-DD'), TO_DATE('2019-09-27','YYYY-MM-DD'));


--===============================================預約單 RESERVATION_FORM  
DROP SEQUENCE RES_NUM;
CREATE SEQUENCE RES_NUM
INCREMENT BY 1
START WITH 1001
NOMAXVALUE
NOCYCLE
NOCACHE;
ALTER SESSION SET NLS_TIMESTAMP_FORMAT = 'yyyy-mm-dd hh24:mi:ss';

INSERT INTO RESERVATION_FORM (RES_NUM, T_NUM, RES_NAME, RES_EMAIL, RES_PHONE, RES_DATE, RES_MSG) 
VALUES (RES_NUM.nextval, 'T001', '孫悟空' , 'songoku@outlook.com', '0911547225', '2019/09/21 10:00:00', '想為兒子悟飯找不錯的幼兒園');
INSERT INTO RESERVATION_FORM (RES_NUM, T_NUM, RES_NAME, RES_EMAIL, RES_PHONE, RES_DATE, RES_MSG) 
VALUES (RES_NUM.nextval, 'T001', '達爾' , 'bejita@hotmail.com', '0926587447', '2019/09/22 13:00:00', '會帶兒子特南克斯前來一起參觀');
INSERT INTO RESERVATION_FORM (RES_NUM, T_NUM, RES_NAME, RES_EMAIL, RES_PHONE, RES_DATE, RES_MSG) 
VALUES (RES_NUM.nextval, 'T001', '布瑪' , 'buluma@outlook.com', '0911533226', '2019/09/22 14:00:00', '你好，我是特南克斯的媽媽，今天就麻煩了');
INSERT INTO RESERVATION_FORM (RES_NUM, T_NUM, RES_NAME, RES_EMAIL, RES_PHONE, RES_DATE, RES_MSG) 
VALUES (RES_NUM.nextval, 'T001', '鳴人' , 'naruto@gmail.com', '0935554125', '2019/09/23 10:00:00', '木葉村火影前來查看校園');
INSERT INTO RESERVATION_FORM (RES_NUM, T_NUM, RES_NAME, RES_EMAIL, RES_PHONE, RES_DATE, RES_MSG)
VALUES (RES_NUM.nextval, 'T001', '佐助' , 'sasuke@outlook.com', '0998562144', '2019/09/23 15:00:00', NULL);
INSERT INTO RESERVATION_FORM (RES_NUM, T_NUM, RES_NAME, RES_EMAIL, RES_PHONE, RES_DATE, RES_MSG) 
VALUES (RES_NUM.nextval, 'T001', '李小狼' , 'syaoran@gmail.com', '0988788779', '2019/09/24 10:00:00', NULL);
INSERT INTO RESERVATION_FORM (RES_NUM, T_NUM, RES_NAME, RES_EMAIL, RES_PHONE, RES_DATE, RES_MSG) 
VALUES (RES_NUM.nextval, 'T001', '小櫻' , 'sakura@gmail.com', '0988954441', '2019/09/25 10:00:00', '和知世一同參觀校園');
INSERT INTO RESERVATION_FORM (RES_NUM, T_NUM, RES_NAME, RES_EMAIL, RES_PHONE, RES_DATE, RES_MSG) 
VALUES (RES_NUM.nextval, 'T001', '馬場檸檬' , 'ramune@outlook.com', '0925881111', '2019/09/26 14:00:00', '我現在猛烈的覺得熱血沸騰');
INSERT INTO RESERVATION_FORM (RES_NUM, T_NUM, RES_NAME, RES_EMAIL, RES_PHONE, RES_DATE, RES_MSG) 
VALUES (RES_NUM.nextval, 'T001', '千尋' , 'chihiro@hotmail.com', '0933225556', '2019/09/26 16:00:00', '不能吃的太胖，不然會被殺掉的');
INSERT INTO RESERVATION_FORM (RES_NUM, T_NUM, RES_NAME, RES_EMAIL, RES_PHONE, RES_DATE, RES_MSG) 
VALUES (RES_NUM.nextval, 'T001', '金富力士' , 'hunterxhunter@outlook.com', '0957774419', '2019/09/27 10:00:00', '小傑今年要上幼兒園，我得去旅行了，想托育於貴幼兒園');


--===============================================餐點 MENU  

DROP SEQUENCE MU_NUM;
CREATE SEQUENCE MU_NUM
INCREMENT BY 1
START WITH 1001
NOMAXVALUE
NOCYCLE
NOCACHE;
ALTER SESSION SET NLS_DATE_FORMAT = 'yyyy-mm-dd';


INSERT INTO MENU (MU_NUM, MU_NAME, MU_TIME, MU_DATE) 
VALUES (MU_NUM.nextval, '牛奶+法國土司', '早餐', '2019-09-22');
INSERT INTO MENU (MU_NUM, MU_NAME, MU_TIME, MU_DATE) 
VALUES (MU_NUM.nextval, '豆漿+炒麵', '午餐', '2019-09-22');
INSERT INTO MENU (MU_NUM, MU_NAME, MU_TIME, MU_DATE) 
VALUES (MU_NUM.nextval, '布丁', '點心', '2019-09-22');
INSERT INTO MENU (MU_NUM, MU_NAME, MU_TIME, MU_DATE) 
VALUES (MU_NUM.nextval, '玉米濃湯+芝麻米飯', '早餐', '2019-09-23');
INSERT INTO MENU (MU_NUM, MU_NAME, MU_TIME, MU_DATE) 
VALUES (MU_NUM.nextval, '蘋果汁+咖哩', '午餐', '2019-09-23');
INSERT INTO MENU (MU_NUM, MU_NAME, MU_TIME, MU_DATE) 
VALUES (MU_NUM.nextval, '奶酪', '點心', '2019-09-23');
INSERT INTO MENU (MU_NUM, MU_NAME, MU_TIME, MU_DATE) 
VALUES (MU_NUM.nextval, '小籠包+可可', '早餐', '2019-09-24');
INSERT INTO MENU (MU_NUM, MU_NAME, MU_TIME, MU_DATE) 
VALUES (MU_NUM.nextval, '花椰菜奶油燉飯', '午餐', '2019-09-24');
INSERT INTO MENU (MU_NUM, MU_NAME, MU_TIME, MU_DATE) 
VALUES (MU_NUM.nextval, '可口奶滋', '點心', '2019-09-24');
INSERT INTO MENU (MU_NUM, MU_NAME, MU_TIME, MU_DATE) 
VALUES (MU_NUM.nextval, '雞肉蓉稀飯+牛奶', '早餐', '2019-09-25');
INSERT INTO MENU (MU_NUM, MU_NAME, MU_TIME, MU_DATE) 
VALUES (MU_NUM.nextval, '玉米湯+健康當季蔬食', '午餐', '2019-09-25');
INSERT INTO MENU (MU_NUM, MU_NAME, MU_TIME, MU_DATE) 
VALUES (MU_NUM.nextval, '奶酥餅乾', '點心', '2019-09-25');
INSERT INTO MENU (MU_NUM, MU_NAME, MU_TIME, MU_DATE) 
VALUES (MU_NUM.nextval, '三明治', '早餐', '2019-09-26');
INSERT INTO MENU (MU_NUM, MU_NAME, MU_TIME, MU_DATE) 
VALUES (MU_NUM.nextval, '鐵板麵', '午餐', '2019-09-26');
INSERT INTO MENU (MU_NUM, MU_NAME, MU_TIME, MU_DATE) 
VALUES (MU_NUM.nextval, '布丁', '點心', '2019-09-26');
INSERT INTO MENU (MU_NUM, MU_NAME, MU_TIME, MU_DATE) 
VALUES (MU_NUM.nextval, '小漢堡', '早餐', '2019-09-27');
INSERT INTO MENU (MU_NUM, MU_NAME, MU_TIME, MU_DATE) 
VALUES (MU_NUM.nextval, '金針菇燉飯', '午餐', '2019-09-27');
INSERT INTO MENU (MU_NUM, MU_NAME, MU_TIME, MU_DATE) 
VALUES (MU_NUM.nextval, '果凍', '點心', '2019-09-27');
INSERT INTO MENU (MU_NUM, MU_NAME, MU_TIME, MU_DATE) 
VALUES (MU_NUM.nextval, '健康蛋餅', '早餐', '2019-09-30');
INSERT INTO MENU (MU_NUM, MU_NAME, MU_TIME, MU_DATE) 
VALUES (MU_NUM.nextval, '米苔目', '午餐', '2019-09-30');
INSERT INTO MENU (MU_NUM, MU_NAME, MU_TIME, MU_DATE) 
VALUES (MU_NUM.nextval, '蛋塔', '點心', '2019-09-30');
INSERT INTO MENU (MU_NUM, MU_NAME, MU_TIME, MU_DATE) 
VALUES (MU_NUM.nextval, '香米飯糰夾蛋', '早餐', '2019-10-01');
INSERT INTO MENU (MU_NUM, MU_NAME, MU_TIME, MU_DATE) 
VALUES (MU_NUM.nextval, '竹筍湯+絲瓜飯', '午餐', '2019-10-01');
INSERT INTO MENU (MU_NUM, MU_NAME, MU_TIME, MU_DATE) 
VALUES (MU_NUM.nextval, '小餅乾', '點心', '2019-10-1');
INSERT INTO MENU (MU_NUM, MU_NAME, MU_TIME, MU_DATE) 
VALUES (MU_NUM.nextval, '蒜香麵包', '早餐', '2019-10-02');
INSERT INTO MENU (MU_NUM, MU_NAME, MU_TIME, MU_DATE) 
VALUES (MU_NUM.nextval, '蔬菜披薩', '午餐', '2019-10-02');
INSERT INTO MENU (MU_NUM, MU_NAME, MU_TIME, MU_DATE) 
VALUES (MU_NUM.nextval, '小饅頭', '點心', '2019-10-02');
INSERT INTO MENU (MU_NUM, MU_NAME, MU_TIME, MU_DATE) 
VALUES (MU_NUM.nextval, '鮪魚玉米粥', '早餐', '2019-10-03');
INSERT INTO MENU (MU_NUM, MU_NAME, MU_TIME, MU_DATE) 
VALUES (MU_NUM.nextval, '馬鈴薯燉肉', '午餐', '2019-10-03');
INSERT INTO MENU (MU_NUM, MU_NAME, MU_TIME, MU_DATE) 
VALUES (MU_NUM.nextval, '麥芽餅', '點心', '2019-10-03');
INSERT INTO MENU (MU_NUM, MU_NAME, MU_TIME, MU_DATE) 
VALUES (MU_NUM.nextval, '海帶湯', '早餐', '2019-10-04');
INSERT INTO MENU (MU_NUM, MU_NAME, MU_TIME, MU_DATE) 
VALUES (MU_NUM.nextval, '獅子頭', '午餐', '2019-10-04');
INSERT INTO MENU (MU_NUM, MU_NAME, MU_TIME, MU_DATE) 
VALUES (MU_NUM.nextval, '布丁', '點心', '2019-10-04');
INSERT INTO MENU (MU_NUM, MU_NAME, MU_TIME, MU_DATE) 
VALUES (MU_NUM.nextval, '香菇雞湯', '早餐', '2019-10-07');
INSERT INTO MENU (MU_NUM, MU_NAME, MU_TIME, MU_DATE) 
VALUES (MU_NUM.nextval, '咖哩豬肉', '午餐', '2019-10-07');
INSERT INTO MENU (MU_NUM, MU_NAME, MU_TIME, MU_DATE) 
VALUES (MU_NUM.nextval, '果凍', '點心', '2019-10-07');








--=================================幼童車  (改VARCHAR2版 ， TABLE還沒改) 
INSERT INTO SCHOOL_CAR VALUES (2001, 'S001', '2019-09');
INSERT INTO SCHOOL_CAR VALUES (2002, 'S002', '2019-09');
INSERT INTO SCHOOL_CAR VALUES (2003, 'S003', '2019-09');
INSERT INTO SCHOOL_CAR VALUES (2004, 'S004', '2019-09');
INSERT INTO SCHOOL_CAR VALUES (2005, 'S005', '2019-09');
INSERT INTO SCHOOL_CAR VALUES (2006, 'S006', '2019-09');
INSERT INTO SCHOOL_CAR VALUES (2007, 'S007', '2019-09');
INSERT INTO SCHOOL_CAR VALUES (2008, 'S008', '2019-09');
INSERT INTO SCHOOL_CAR VALUES (2009, 'S009', '2019-09');
INSERT INTO SCHOOL_CAR VALUES (2010, 'S010', '2019-09');

DROP SEQUENCE SCHOOL_CAR_SEQ;
CREATE SEQUENCE SCHOOL_CAR_SEQ
INCREMENT BY 1
START WITH 2011
NOMAXVALUE
NOCYCLE
NOCACHE;


--============================================學生假單 STUDENT_LEAVE_LIST 
DROP SEQUENCE SEQ_ST_LEAVE_LIST;
CREATE SEQUENCE SEQ_ST_LEAVE_LIST
INCREMENT BY 1
START WITH 1001
NOMAXVALUE
NOCYCLE
NOCACHE;
ALTER SESSION SET NLS_TIMESTAMP_FORMAT = 'yyyy-mm-dd hh24:mi:ss';

INSERT INTO STUDENT_LEAVE_LIST VALUES(SEQ_ST_LEAVE_LIST.nextval, 'S001','2019/08/08 08:00:00', '2019/08/08 16:30:00', 1, '88節快樂');
INSERT INTO STUDENT_LEAVE_LIST VALUES(SEQ_ST_LEAVE_LIST.nextval, 'S002','2019/08/08 08:00:00', '2019/08/08 16:30:00', 1, '88節快樂');
INSERT INTO STUDENT_LEAVE_LIST VALUES(SEQ_ST_LEAVE_LIST.nextval, 'S003','2019/08/08 08:00:00', '2019/08/08 16:30:00', 1, '88節快樂');
INSERT INTO STUDENT_LEAVE_LIST VALUES(SEQ_ST_LEAVE_LIST.nextval, 'S004','2019/08/08 08:00:00', '2019/08/08 16:30:00', 1, '88節快樂');
INSERT INTO STUDENT_LEAVE_LIST VALUES(SEQ_ST_LEAVE_LIST.nextval, 'S005','2019/08/08 08:00:00', '2019/08/08 16:30:00', 1, '88節快樂');
INSERT INTO STUDENT_LEAVE_LIST VALUES(SEQ_ST_LEAVE_LIST.nextval, 'S006','2019/08/08 08:00:00', '2019/08/08 16:30:00', 1, '88節快樂');
INSERT INTO STUDENT_LEAVE_LIST VALUES(SEQ_ST_LEAVE_LIST.nextval, 'S008','2019/08/08 08:00:00', '2019/08/08 16:30:00', 1, '88節快樂');
INSERT INTO STUDENT_LEAVE_LIST VALUES(SEQ_ST_LEAVE_LIST.nextval, 'S008','2019/08/08 08:00:00', '2019/08/08 16:30:00', 1, '88節快樂');
INSERT INTO STUDENT_LEAVE_LIST VALUES(SEQ_ST_LEAVE_LIST.nextval, 'S009','2019/08/08 08:00:00', '2019/08/08 16:30:00', 1, '88節快樂');
INSERT INTO STUDENT_LEAVE_LIST VALUES(SEQ_ST_LEAVE_LIST.nextval, 'S010','2019/08/08 08:00:00', '2019/08/08 16:30:00', 1, '88節快樂');




































--------------------------------------【課後托育 AFTER_SCHOOL_CLASS】

--[課後托育流水號]

DROP SEQUENCE NURSERY_NO_SEQ;
CREATE SEQUENCE NURSERY_NO_SEQ
INCREMENT BY 1
START WITH 1001
NOMAXVALUE
NOCYCLE
NOCACHE;

--[假資料]

insert into AFTER_SCHOOL_CLASS(NURSERY_NO,ST_NUM,ST_SUM,LEVELTIME) 
values(NURSERY_NO_SEQ.nextval,'S001',50,to_date('2019/01/01 16:30','YYYY-MM-DD HH24:MI'));
insert into after_school_class(NURSERY_NO,ST_NUM,ST_SUM,LEVELTIME) 
values(NURSERY_NO_SEQ.nextval,'S002',100,to_date('2019/02/02 17:00','YYYY-MM-DD HH24:MI'));
insert into after_school_class(NURSERY_NO,ST_NUM,ST_SUM,LEVELTIME) 
values(NURSERY_NO_SEQ.nextval,'S003',150,to_date('2019/03/03 17:30','YYYY-MM-DD HH24:MI'));
insert into after_school_class(NURSERY_NO,ST_NUM,ST_SUM,LEVELTIME) 
values(NURSERY_NO_SEQ.nextval,'S004',200,to_date('2019/04/04 18:00','YYYY-MM-DD HH24:MI'));
insert into after_school_class(NURSERY_NO,ST_NUM,ST_SUM,LEVELTIME) 
values(NURSERY_NO_SEQ.nextval,'S005',250,to_date('2019/05/05 18:30','YYYY-MM-DD HH24:MI'));
insert into after_school_class(NURSERY_NO,ST_NUM,ST_SUM,LEVELTIME) 
values(NURSERY_NO_SEQ.nextval,'S006',300,to_date('2019/06/06 19:00','YYYY-MM-DD HH24:MI'));
insert into after_school_class(NURSERY_NO,ST_NUM,ST_SUM,LEVELTIME) 
values(NURSERY_NO_SEQ.nextval,'S007',350,to_date('2019/07/07 20:00','YYYY-MM-DD HH24:MI'));
insert into after_school_class(NURSERY_NO,ST_NUM,ST_SUM,LEVELTIME) 
values(NURSERY_NO_SEQ.nextval,'S010',400,to_date('2019/08/08 20:30','YYYY-MM-DD HH24:MI'));
insert into after_school_class(NURSERY_NO,ST_NUM,ST_SUM,LEVELTIME) 
values(NURSERY_NO_SEQ.nextval,'S008',450,to_date('2019/09/09 21:00','YYYY-MM-DD HH24:MI'));
insert into after_school_class(NURSERY_NO,ST_NUM,ST_SUM,LEVELTIME) 
values(NURSERY_NO_SEQ.nextval,'S009',500,to_date('2019/11/11 21:30','YYYY-MM-DD HH24:MI'));


--------------------------------------【繳費項目 PAYMENT_PROJECT】

--[繳費項目流水號]

DROP SEQUENCE PML_NUM_seq;
CREATE SEQUENCE PML_NUM_seq
INCREMENT BY 1
START WITH 1001
NOMAXVALUE
NOCYCLE
NOCACHE;

--[假資料]

insert into PAYMENT_PROJECT(PML_NUM,PML_ITEM,PML_MONEY,PF_STATUS) 
values(PML_NUM_seq.NEXTVAL,'開瓶費(牛奶)',50,1);
insert into PAYMENT_PROJECT(PML_NUM,PML_ITEM,PML_MONEY,PF_STATUS) 
values(PML_NUM_seq.NEXTVAL,'雙語費',2000,1);
insert into PAYMENT_PROJECT(PML_NUM,PML_ITEM,PML_MONEY,PF_STATUS) 
values(PML_NUM_seq.NEXTVAL,'保險費',1680,1);
insert into PAYMENT_PROJECT(PML_NUM,PML_ITEM,PML_MONEY,PF_STATUS) 
values(PML_NUM_seq.NEXTVAL,'夏令營',500,1);
insert into PAYMENT_PROJECT(PML_NUM,PML_ITEM,PML_MONEY,PF_STATUS) 
values(PML_NUM_seq.NEXTVAL,'冬令營',600,1);
insert into PAYMENT_PROJECT(PML_NUM,PML_ITEM,PML_MONEY,PF_STATUS) 
values(PML_NUM_seq.NEXTVAL,'學費',120000,1);
insert into PAYMENT_PROJECT(PML_NUM,PML_ITEM,PML_MONEY,PF_STATUS) 
values(PML_NUM_seq.NEXTVAL,'制服費',777,1);
insert into PAYMENT_PROJECT(PML_NUM,PML_ITEM,PML_MONEY,PF_STATUS) 
values(PML_NUM_seq.NEXTVAL,'保護費',50,1);
insert into PAYMENT_PROJECT(PML_NUM,PML_ITEM,PML_MONEY,PF_STATUS) 
values(PML_NUM_seq.NEXTVAL,'IMAC',32667,1);
insert into PAYMENT_PROJECT(PML_NUM,PML_ITEM,PML_MONEY,PF_STATUS) 
values(PML_NUM_seq.NEXTVAL,'IPHONE10',35900,1);














--------------------------------------【繳費單PAYMENT_FORM】

--[繳費單流水號]

DROP SEQUENCE PF_NUM_seq;
CREATE SEQUENCE PF_NUM_seq
INCREMENT BY 1
START WITH 1001
NOMAXVALUE
NOCYCLE
NOCACHE;

--[假資料]
--
--insert into PAYMENT_FORM(PF_NUM,ST_NUM,PML_TRAIL,PF_STATUS,MONTH,PF_TIME) 
--values(PF_NUM_seq.NEXTVAL,'S001',6666,1,to_date('2019/01','YYYY/MM'),to_date('2019/01/25','YYYY/MM/DD'));
--insert into PAYMENT_FORM(PF_NUM,ST_NUM,PML_TRAIL,PF_STATUS,MONTH,PF_TIME) 
--values(PF_NUM_seq.NEXTVAL,'S002',7777,1,to_date('2019/02','YYYY/MM'),to_date('2019/02/25','YYYY/MM/DD'));
--insert into PAYMENT_FORM(PF_NUM,ST_NUM,PML_TRAIL,PF_STATUS,MONTH,PF_TIME) 
--values(PF_NUM_seq.NEXTVAL,'S003',8888,1,to_date('2019/03','YYYY/MM'),to_date('2019/03/25','YYYY/MM/DD'));
--insert into PAYMENT_FORM(PF_NUM,ST_NUM,PML_TRAIL,PF_STATUS,MONTH,PF_TIME) 
--values(PF_NUM_seq.NEXTVAL,'S004',9999,1,to_date('2019/04','YYYY/MM'),to_date('2019/04/25','YYYY/MM/DD'));
--insert into PAYMENT_FORM(PF_NUM,ST_NUM,PML_TRAIL,PF_STATUS,MONTH,PF_TIME) 
--values(PF_NUM_seq.NEXTVAL,'S005',5000,1,to_date('2019/05','YYYY/MM'),to_date('2019/05/25','YYYY/MM/DD'));
--insert into PAYMENT_FORM(PF_NUM,ST_NUM,PML_TRAIL,PF_STATUS,MONTH,PF_TIME) 
--values(PF_NUM_seq.NEXTVAL,'S006',3000,1,to_date('2019/06','YYYY/MM'),to_date('2019/06/25','YYYY/MM/DD'));
--insert into PAYMENT_FORM(PF_NUM,ST_NUM,PML_TRAIL,PF_STATUS,MONTH,PF_TIME) 
--values(PF_NUM_seq.NEXTVAL,'S007',1680,1,to_date('2019/07','YYYY/MM'),to_date('2019/07/25','YYYY/MM/DD'));
--insert into PAYMENT_FORM(PF_NUM,ST_NUM,PML_TRAIL,PF_STATUS,MONTH,PF_TIME) 
--values(PF_NUM_seq.NEXTVAL,'S008',1314,1,to_date('2019/08','YYYY/MM'),to_date('2019/08/25','YYYY/MM/DD'));
--insert into PAYMENT_FORM(PF_NUM,ST_NUM,PML_TRAIL,PF_STATUS,MONTH,PF_TIME) 
--values(PF_NUM_seq.NEXTVAL,'S009',520,1,to_date('2019/09','YYYY/MM'),to_date('2019/09/25','YYYY/MM/DD'));
--insert into PAYMENT_FORM(PF_NUM,ST_NUM,PML_TRAIL,PF_STATUS,MONTH,PF_TIME) 
--values(PF_NUM_seq.NEXTVAL,'S010',4444,1,to_date('2019/10','YYYY/MM'),to_date('2019/10/25','YYYY/MM/DD'));






































--【繳費單明細  PAYMENT_FORM_LIST】

--[繳費單細項流水號]

DROP SEQUENCE DETAL_NUM_seq;
CREATE SEQUENCE DETAL_NUM_seq
INCREMENT BY 1
START WITH 1001
NOMAXVALUE
NOCYCLE
NOCACHE;

--[假資料]
--
--insert into PAYMENT_FORM_LIST(DETAL_NUM,PF_NUM,PML_NUM) 
--values(DETAL_NUM_SEQ.NEXTVAL,1001,1001);
--insert into PAYMENT_FORM_LIST(DETAL_NUM,PF_NUM,PML_NUM) 
--values(DETAL_NUM_SEQ.NEXTVAL,1001,1002);
--insert into PAYMENT_FORM_LIST(DETAL_NUM,PF_NUM,PML_NUM) 
--values(DETAL_NUM_SEQ.NEXTVAL,1001,1003);
--insert into PAYMENT_FORM_LIST(DETAL_NUM,PF_NUM,PML_NUM) 
--values(DETAL_NUM_SEQ.NEXTVAL,1001,1004);
--insert into PAYMENT_FORM_LIST(DETAL_NUM,PF_NUM,PML_NUM) 
--values(DETAL_NUM_SEQ.NEXTVAL,1001,1005);
--insert into PAYMENT_FORM_LIST(DETAL_NUM,PF_NUM,PML_NUM) 
--values(DETAL_NUM_SEQ.NEXTVAL,1001,1006);
--insert into PAYMENT_FORM_LIST(DETAL_NUM,PF_NUM,PML_NUM) 
--values(DETAL_NUM_SEQ.NEXTVAL,1001,1007);
--insert into PAYMENT_FORM_LIST(DETAL_NUM,PF_NUM,PML_NUM) 
--values(DETAL_NUM_SEQ.NEXTVAL,1001,1008);
--insert into PAYMENT_FORM_LIST(DETAL_NUM,PF_NUM,PML_NUM) 
--values(DETAL_NUM_SEQ.NEXTVAL,1001,1009);
--insert into PAYMENT_FORM_LIST(DETAL_NUM,PF_NUM,PML_NUM) 
--values(DETAL_NUM_SEQ.NEXTVAL,1001,1010);






/*===============================================================================*/
COMMIT;
--最後修改時間：20190830  姝妤

--最後修改時間 : 20190903   奕楊  ----- 學生假單    設置timestamp的格式

--最後修改時間 : 20190910   駿霖  ----- 值班資料    刪除 正常 班

--最後修改時間 : 20190913   姊   ----- 聯絡簿資料  增加 S007和S010的資料和修正錯字

--最後修改時間 : 20190914   奕楊   ----- 班級留言板 原:(GD_MSG , T_MSG)  ---> 改成 (MSG )

--最後修改時間 : 20190914   奕楊   ----- 班級相簿  刪除現有假資料  以便展示

--最後修改時間 : 20190921   姝妤   ----- 預約單 餐點更改假資料  以便展示

--最後修改時間 : 20190923   俊穎   ----- 新增離校時間 修改繳費資料
--最後修改時間 : 20190925   駿霖   -----新增班表假資料
--最後修改時間 : 20190926   豪   -----新增班課程假資料
 




